/*M!999999\- enable the sandbox mode */ 
-- MariaDB dump 10.19-11.7.2-MariaDB, for Win64 (AMD64)
--
-- Host: localhost    Database: recap_agency
-- ------------------------------------------------------
-- Server version	12.1.2-MariaDB

/*!40101 SET @OLD_CHARACTER_SET_CLIENT=@@CHARACTER_SET_CLIENT */;
/*!40101 SET @OLD_CHARACTER_SET_RESULTS=@@CHARACTER_SET_RESULTS */;
/*!40101 SET @OLD_COLLATION_CONNECTION=@@COLLATION_CONNECTION */;
/*!40101 SET NAMES utf8mb4 */;
/*!40103 SET @OLD_TIME_ZONE=@@TIME_ZONE */;
/*!40103 SET TIME_ZONE='+00:00' */;
/*!40014 SET @OLD_UNIQUE_CHECKS=@@UNIQUE_CHECKS, UNIQUE_CHECKS=0 */;
/*!40014 SET @OLD_FOREIGN_KEY_CHECKS=@@FOREIGN_KEY_CHECKS, FOREIGN_KEY_CHECKS=0 */;
/*!40101 SET @OLD_SQL_MODE=@@SQL_MODE, SQL_MODE='NO_AUTO_VALUE_ON_ZERO' */;
/*M!100616 SET @OLD_NOTE_VERBOSITY=@@NOTE_VERBOSITY, NOTE_VERBOSITY=0 */;

--
-- Table structure for table `areas`
--

DROP TABLE IF EXISTS `areas`;
/*!40101 SET @saved_cs_client     = @@character_set_client */;
/*!40101 SET character_set_client = utf8mb4 */;
CREATE TABLE `areas` (
  `id` varchar(50) NOT NULL,
  `name` varchar(100) NOT NULL,
  `region` varchar(50) NOT NULL,
  `icon` varchar(50) NOT NULL,
  `image` text NOT NULL,
  `color_class` varchar(50) NOT NULL,
  `description` text DEFAULT NULL,
  `is_deleted` bit(1) NOT NULL DEFAULT b'0',
  `created_at` timestamp NULL DEFAULT current_timestamp(),
  `updated_at` timestamp NULL DEFAULT current_timestamp() ON UPDATE current_timestamp(),
  PRIMARY KEY (`id`)
) ENGINE=InnoDB DEFAULT CHARSET=utf8mb4 COLLATE=utf8mb4_unicode_ci;
/*!40101 SET character_set_client = @saved_cs_client */;

--
-- Dumping data for table `areas`
--

LOCK TABLES `areas` WRITE;
/*!40000 ALTER TABLE `areas` DISABLE KEYS */;
INSERT INTO `areas` VALUES
('africa','Africa','africa','nature','https://media.cntraveller.com/photos/656735185529fa5c61ddf276/16:9/w_2560%2Cc_limit/Cape_Town_When_to_Visit_South_Africa_November_GettyImages-671323338.jpg','bg-yellow-500','Africa offers vast savannas, unique wildlife, ancient cultures, and stunning natural beauty.',0x00,'2025-12-20 05:19:41','2025-12-20 05:19:41'),
('antarctica','Antarctica','antarctica','landscape','https://wallpaperaccess.com/full/1449363.jpg','bg-slate-500','Antarctica is a remote continent known for its icy landscapes and untouched wilderness.',0x00,'2025-12-20 05:19:41','2025-12-20 05:19:41'),
('asia','Asia','asia','temple_buddhist','https://intertour.vn/wp-content/uploads/2022/03/72bba177-4a26-4dde-8f91-f6f052973e78.jpg','bg-red-500','Asia is the largest continent, known for its diverse cultures, ancient civilizations, and breathtaking natural landscapes.',0x00,'2025-12-20 05:19:41','2025-12-20 05:19:41'),
('europe','Europe','europe','castle','https://www.elle.vn/wp-content/uploads/2020/08/16/411910/Castle-in-Love-with-the-Wind.jpg','bg-blue-500','Europe is famous for its rich history, architectural heritage, art, and cultural diversity.',0x00,'2025-12-20 05:19:41','2025-12-20 05:19:41'),
('middle-east','Middle East','middle_east','museum','https://media.vneconomy.vn/images/upload/2022/11/14/duvbai3.png','bg-orange-500','The Middle East is rich in ancient history, religious heritage, deserts, and cultural landmarks.',0x00,'2025-12-20 05:19:41','2025-12-20 05:19:41'),
('north-america','North America','north-america','location_city','https://c.wallhere.com/photos/0a/c7/nature_landscape_photography_USA_North_America_Yosemite_Valley_California_mountains-2123661.jpg!d','bg-green-500','North America features modern cities, national parks, and a wide range of landscapes.',0x00,'2025-12-20 05:19:41','2025-12-20 05:20:28'),
('oceania','Oceania','oceania','beach_access','https://wallpaperaccess.com/full/1564382.jpg','bg-cyan-500','Oceania includes island nations with beautiful beaches, coral reefs, and unique wildlife.',0x00,'2025-12-20 05:19:41','2025-12-20 05:19:41'),
('south-america','South America','south-america','forest','https://www.bain.com/contentassets/23f69640410a4ab5b1e04d7a32663d8c/conquering-the-food-challenge-3.0-16_9.jpg','bg-emerald-500','South America is known for rainforests, mountains, ancient civilizations, and vibrant cultures.',0x00,'2025-12-20 05:19:41','2025-12-20 05:20:28');
/*!40000 ALTER TABLE `areas` ENABLE KEYS */;
UNLOCK TABLES;

--
-- Table structure for table `authors`
--

DROP TABLE IF EXISTS `authors`;
/*!40101 SET @saved_cs_client     = @@character_set_client */;
/*!40101 SET character_set_client = utf8mb4 */;
CREATE TABLE `authors` (
  `id` int(11) NOT NULL AUTO_INCREMENT,
  `name` varchar(100) NOT NULL,
  `avatar` text NOT NULL,
  `is_deleted` bit(1) NOT NULL DEFAULT b'0',
  `created_at` timestamp NULL DEFAULT current_timestamp(),
  `updated_at` timestamp NULL DEFAULT current_timestamp() ON UPDATE current_timestamp(),
  PRIMARY KEY (`id`)
) ENGINE=InnoDB AUTO_INCREMENT=2 DEFAULT CHARSET=utf8mb4 COLLATE=utf8mb4_unicode_ci;
/*!40101 SET character_set_client = @saved_cs_client */;

--
-- Dumping data for table `authors`
--

LOCK TABLES `authors` WRITE;
/*!40000 ALTER TABLE `authors` DISABLE KEYS */;
INSERT INTO `authors` VALUES
(1,'Rowan Blake','https://lh3.googleusercontent.com/aida-public/AB6AXuCEWE4PWVi-noHBer7hGHoPTj9HHSHWkhCSm8jAIU7JRRLpAuDdFmPTmiklMA2fgMjbTiLdRnBV55W9xH6cwyLcOfNx3faVnhuIucoX9u4_OlGQLFuoUyono7PXfkKveBfJ1Awu5TNhlbhpVhe4egCmuSKSc4wk_tUi07posmV5U_WDxh8znK9HUNsrNdE4RiRxQa5-RNh1FIHRJu90o6a8AhqWMRtvk06Y6DJO7EE4u-wxfobXM_QLSDeYdMRIiuGskhhhh9TAhX0y',0x00,'2025-12-19 18:48:08','2025-12-19 18:48:08');
/*!40000 ALTER TABLE `authors` ENABLE KEYS */;
UNLOCK TABLES;

--
-- Table structure for table `categories`
--

DROP TABLE IF EXISTS `categories`;
/*!40101 SET @saved_cs_client     = @@character_set_client */;
/*!40101 SET character_set_client = utf8mb4 */;
CREATE TABLE `categories` (
  `id` varchar(50) NOT NULL,
  `name` varchar(100) NOT NULL,
  `icon` varchar(50) NOT NULL,
  `image` text NOT NULL,
  `color_class` varchar(50) NOT NULL,
  `description` text DEFAULT NULL,
  `is_deleted` bit(1) NOT NULL DEFAULT b'0',
  `is_city` tinyint(1) DEFAULT 0,
  `area_id` varchar(50) DEFAULT NULL,
  `country_id` varchar(50) DEFAULT NULL,
  `created_at` timestamp NULL DEFAULT current_timestamp(),
  `updated_at` timestamp NULL DEFAULT current_timestamp() ON UPDATE current_timestamp(),
  PRIMARY KEY (`id`),
  KEY `idx_is_city` (`is_city`),
  KEY `idx_area_id` (`area_id`),
  KEY `idx_country_id` (`country_id`),
  CONSTRAINT `1` FOREIGN KEY (`area_id`) REFERENCES `areas` (`id`) ON DELETE SET NULL,
  CONSTRAINT `2` FOREIGN KEY (`country_id`) REFERENCES `countries` (`id`) ON DELETE SET NULL
) ENGINE=InnoDB DEFAULT CHARSET=utf8mb4 COLLATE=utf8mb4_unicode_ci;
/*!40101 SET character_set_client = @saved_cs_client */;

--
-- Dumping data for table `categories`
--

LOCK TABLES `categories` WRITE;
/*!40000 ALTER TABLE `categories` DISABLE KEYS */;
INSERT INTO `categories` VALUES
('abha-sa','Abha','landscape','https://www.remotelands.com/storage/media/5864/conversions/b220510001-banner-size.jpg','bg-emerald-600','Mountain resort city',0x00,1,'middle-east','saudi-arabia','2025-12-20 05:49:00','2025-12-20 10:21:38'),
('abudhabi-ae','Abu Dhabi','location_city','https://upload.wikimedia.org/wikipedia/commons/0/0c/Abu_Dhabi_skyline.jpg','bg-gray-600','Capital city with grand mosques',0x00,1,'middle-east','uae','2025-12-20 05:48:56','2025-12-20 05:48:56'),
('alain-ae','Al Ain','landscape','https://upload.wikimedia.org/wikipedia/commons/5/5e/Al_Ain_city.jpg','bg-green-600','Garden city with oases',0x00,1,'middle-east','uae','2025-12-20 05:48:56','2025-12-20 05:48:56'),
('alexandria-eg','Alexandria','location_city','https://upload.wikimedia.org/wikipedia/commons/6/6b/Alexandria_Corniche.jpg','bg-blue-500','Historic Mediterranean port city',0x00,1,'africa','egypt','2025-12-20 05:46:51','2025-12-20 05:46:51'),
('alula-sa','AlUla','landscape','https://upload.wikimedia.org/wikipedia/commons/3/3e/AlUla.jpg','bg-amber-600','Ancient Nabatean heritage site',0x00,1,'middle-east','saudi-arabia','2025-12-20 05:49:00','2025-12-20 05:49:00'),
('amboseli-ke','Amboseli National Park','nature','https://upload.wikimedia.org/wikipedia/commons/6/66/Amboseli_elephants.jpg','bg-lime-500','Elephants with Mount Kilimanjaro views',0x00,1,'africa','kenya','2025-12-20 05:47:05','2025-12-20 05:47:05'),
('amman-jo','Amman','location_city','https://upload.wikimedia.org/wikipedia/commons/6/6b/Amman_city.jpg','bg-gray-600','Capital city of Jordan',0x00,1,'middle-east','jordan','2025-12-20 05:49:13','2025-12-20 05:49:13'),
('ankara-tr','Ankara','location_city','https://upload.wikimedia.org/wikipedia/commons/2/2f/Ankara_city.jpg','bg-gray-600','Capital city of Turkey',0x00,1,'middle-east','turkey','2025-12-20 05:49:03','2025-12-20 05:49:03'),
('antalya-tr','Antalya','beach_access','https://upload.wikimedia.org/wikipedia/commons/9/92/Antalya_beach.jpg','bg-cyan-500','Mediterranean beach resort',0x00,1,'middle-east','turkey','2025-12-20 05:49:03','2025-12-20 05:49:03'),
('aqaba-jo','Aqaba','beach_access','https://upload.wikimedia.org/wikipedia/commons/8/8f/Aqaba_city.jpg','bg-blue-600','Red Sea diving destination',0x00,1,'middle-east','jordan','2025-12-20 05:49:13','2025-12-20 05:49:13'),
('arequipa-pe','Arequipa','location_city','https://upload.wikimedia.org/wikipedia/commons/5/5a/Arequipa_city.jpg','bg-slate-500','White City near volcanoes',0x00,1,'south-america','peru','2025-12-20 05:47:56','2025-12-20 05:47:56'),
('aswan-eg','Aswan','landscape','https://upload.wikimedia.org/wikipedia/commons/2/2f/Aswan_Nile.jpg','bg-cyan-500','Nile River scenery and Nubian culture',0x00,1,'africa','egypt','2025-12-20 05:46:51','2025-12-20 05:46:51'),
('atacama-cl','Atacama Desert','landscape','https://upload.wikimedia.org/wikipedia/commons/8/8e/Atacama_Desert.jpg','bg-yellow-600','Driest desert in the world',0x00,1,'south-america','chile','2025-12-20 05:48:02','2025-12-20 05:48:02'),
('auckland-nz','Auckland','location_city','https://upload.wikimedia.org/wikipedia/commons/3/3e/Auckland_skyline.jpg','bg-blue-600','Largest city in New Zealand',0x00,1,'oceania','new-zealand','2025-12-20 05:48:20','2025-12-20 05:48:20'),
('banff-ca','Banff','landscape','https://upload.wikimedia.org/wikipedia/commons/7/7e/Banff_town.jpg','bg-emerald-500','Rocky Mountain town',0x00,1,'north-america','canada','2025-12-20 05:47:17','2025-12-20 05:47:17'),
('bangkok-th','Bangkok','location_city','https://upload.wikimedia.org/wikipedia/commons/9/9e/Bangkok_skyline.jpg','bg-orange-500','Vibrant capital city',0x00,1,'asia','thailand','2025-12-20 05:41:03','2025-12-20 05:41:03'),
('barcelona-es','Barcelona','location_city','https://upload.wikimedia.org/wikipedia/commons/5/57/Barcelona_Skyline.jpg','bg-red-500','Architecture and beaches',0x00,1,'europe','spain','2025-12-20 05:43:42','2025-12-20 05:43:42'),
('bariloche-ar','Bariloche','landscape','https://upload.wikimedia.org/wikipedia/commons/1/14/Bariloche_lake.jpg','bg-cyan-500','Lake district and mountains',0x00,1,'south-america','argentina','2025-12-20 05:47:53','2025-12-20 05:47:53'),
('beijing-cn','Beijing','location_city','https://upload.wikimedia.org/wikipedia/commons/1/10/Great_Wall_of_China_July_2006.JPG','bg-red-600','Capital city and Great Wall',0x00,1,'asia','china','2025-12-20 05:41:14','2025-12-20 05:41:14'),
('berlin-de','Berlin','location_city','https://upload.wikimedia.org/wikipedia/commons/a/a6/Berlin_Skyline_Fernsehturm_02.jpg','bg-gray-500','Capital city of Germany',0x00,1,'europe','germany','2025-12-20 05:43:46','2025-12-20 05:43:46'),
('bogota-co','Bogota','location_city','https://upload.wikimedia.org/wikipedia/commons/6/6d/Bogota_skyline.jpg','bg-gray-600','Capital city in the Andes',0x00,1,'south-america','colombia','2025-12-20 05:48:07','2025-12-20 05:48:07'),
('bordeaux-fr','Bordeaux','landscape','https://upload.wikimedia.org/wikipedia/commons/4/4d/Bordeaux_city.jpg','bg-emerald-500','World-famous wine region',0x00,1,'europe','france','2025-12-20 05:43:25','2025-12-20 05:43:25'),
('buenosaires-ar','Buenos Aires','location_city','https://upload.wikimedia.org/wikipedia/commons/6/6b/Buenos_Aires_skyline.jpg','bg-blue-600','Cultural capital of Argentina',0x00,1,'south-america','argentina','2025-12-20 05:47:53','2025-12-20 05:47:53'),
('busan-kr','Busan','beach_access','https://upload.wikimedia.org/wikipedia/commons/6/65/Busan_skyline.jpg','bg-cyan-500','Port city with beaches',0x00,1,'asia','south-korea','2025-12-20 05:41:07','2025-12-20 05:41:07'),
('cairo-eg','Cairo','location_city','https://upload.wikimedia.org/wikipedia/commons/9/9e/Cairo_skyline.jpg','bg-yellow-500','Capital city of Egypt with ancient history',0x00,1,'africa','egypt','2025-12-20 05:46:51','2025-12-20 05:46:51'),
('cancun-mx','Cancun','beach_access','https://upload.wikimedia.org/wikipedia/commons/5/50/Cancun_beach.jpg','bg-cyan-500','Caribbean beach resort',0x00,1,'north-america','mexico','2025-12-20 05:47:20','2025-12-20 05:47:20'),
('capetown-za','Cape Town','landscape','https://upload.wikimedia.org/wikipedia/commons/9/9e/Table_Mountain_from_Bloubergstrand.jpg','bg-emerald-600','Table Mountain and coastal scenery',0x00,1,'africa','south-africa','2025-12-20 05:46:54','2025-12-20 05:46:54'),
('cappadocia-tr','Cappadocia','landscape','https://upload.wikimedia.org/wikipedia/commons/4/4e/Cappadocia_balloons.jpg','bg-orange-500','Fairy chimneys and hot air balloons',0x00,1,'middle-east','turkey','2025-12-20 05:49:03','2025-12-20 05:49:03'),
('cartagena-co','Cartagena','location_city','https://upload.wikimedia.org/wikipedia/commons/5/5f/Cartagena_old_city.jpg','bg-orange-500','Historic walled city',0x00,1,'south-america','colombia','2025-12-20 05:48:07','2025-12-20 05:48:07'),
('casablanca-ma','Casablanca','location_city','https://upload.wikimedia.org/wikipedia/commons/4/4c/Casablanca_mosque.jpg','bg-blue-500','Modern coastal metropolis',0x00,1,'africa','morocco','2025-12-20 05:47:01','2025-12-20 05:47:01'),
('cat-ai','Artificial Intelligence','memory','https://upload.wikimedia.org/wikipedia/commons/1/17/Artificial_Intelligence_icon.png','bg-blue-500','Explore the world of AI, machine learning, and neural networks.',0x00,0,NULL,NULL,'2025-12-20 10:18:15','2025-12-20 10:18:15'),
('cat-automation','Automation','settings','https://upload.wikimedia.org/wikipedia/commons/7/77/Automation_icon.png','bg-orange-500','Trends and techniques for automating processes and workflows.',0x00,0,NULL,NULL,'2025-12-20 10:18:15','2025-12-20 10:18:15'),
('cat-blockchain','Blockchain','currency_bitcoin','https://upload.wikimedia.org/wikipedia/commons/4/46/Blockchain_icon.png','bg-purple-500','Learn about blockchain, cryptocurrency, and decentralized technologies.',0x00,0,NULL,NULL,'2025-12-20 10:18:15','2025-12-20 10:18:15'),
('cat-cloud','Cloud Computing','cloud','https://upload.wikimedia.org/wikipedia/commons/0/0c/Cloud_Computing_icon.png','bg-cyan-500','Information and tutorials about cloud infrastructure and services.',0x00,0,NULL,NULL,'2025-12-20 10:18:15','2025-12-20 10:18:15'),
('cat-cybersecurity','Cybersecurity','security','https://upload.wikimedia.org/wikipedia/commons/2/29/Cybersecurity_icon.png','bg-red-500','News, guides, and updates on cybersecurity and data protection.',0x00,0,NULL,NULL,'2025-12-20 10:18:15','2025-12-20 10:18:15'),
('cat-data','Data Science','bar_chart','https://upload.wikimedia.org/wikipedia/commons/5/5e/Data_Science_icon.png','bg-yellow-500','Analysis, visualization, and insights from data science projects.',0x00,0,NULL,NULL,'2025-12-20 10:18:15','2025-12-20 10:18:15'),
('cat-iot','Internet of Things','wifi','https://upload.wikimedia.org/wikipedia/commons/8/87/IoT_icon.png','bg-teal-500','Explore connected devices, smart homes, and IoT technologies.',0x00,0,NULL,NULL,'2025-12-20 10:18:15','2025-12-20 10:18:15'),
('cat-ml','Machine Learning','insights','https://upload.wikimedia.org/wikipedia/commons/6/65/Machine_Learning_icon.png','bg-indigo-500','Insights and tutorials about machine learning techniques and applications.',0x00,0,NULL,NULL,'2025-12-20 10:18:15','2025-12-20 10:18:15'),
('cat-robotics','Robotics','android','https://upload.wikimedia.org/wikipedia/commons/3/3f/Robotics_icon.png','bg-green-500','Latest trends and innovations in robotics and automation.',0x00,0,NULL,NULL,'2025-12-20 10:18:15','2025-12-20 10:18:15'),
('cat-vr','Virtual Reality','vr_headset','https://upload.wikimedia.org/wikipedia/commons/f/f1/Virtual_Reality_icon.png','bg-pink-500','Explore immersive experiences with VR and AR technologies.',0x00,0,NULL,NULL,'2025-12-20 10:18:15','2025-12-20 10:18:15'),
('chefchaouen-ma','Chefchaouen','location_city','https://upload.wikimedia.org/wikipedia/commons/0/02/Chefchaouen_blue_city.jpg','bg-sky-500','Famous blue-painted city',0x00,1,'africa','morocco','2025-12-20 05:47:01','2025-12-20 05:47:01'),
('chengdu-cn','Chengdu','nature','https://upload.wikimedia.org/wikipedia/commons/3/3a/Chengdu_city.jpg','bg-green-600','Home of giant pandas',0x00,1,'asia','china','2025-12-20 05:41:14','2025-12-20 05:41:14'),
('chiangmai-th','Chiang Mai','nature','https://upload.wikimedia.org/wikipedia/commons/4/43/Chiang_Mai.jpg','bg-green-500','Mountain city with temples',0x00,1,'asia','thailand','2025-12-20 05:41:03','2025-12-20 05:41:03'),
('chichenitza-mx','Chichen Itza','museum','https://upload.wikimedia.org/wikipedia/commons/9/94/Chichen_Itza.jpg','bg-yellow-600','Ancient Mayan wonder',0x00,1,'north-america','mexico','2025-12-20 05:47:20','2025-12-20 05:47:20'),
('cologne-de','Cologne','museum','https://upload.wikimedia.org/wikipedia/commons/7/74/Cologne_Cathedral.jpg','bg-indigo-500','Gothic cathedral city',0x00,1,'europe','germany','2025-12-20 05:43:46','2025-12-20 05:43:46'),
('coralcoast-fj','Coral Coast','beach_access','https://upload.wikimedia.org/wikipedia/commons/8/8b/Coral_Coast_Fiji.jpg','bg-teal-500','Resort coastline',0x00,1,'oceania','fiji','2025-12-20 05:48:23','2025-12-20 05:48:23'),
('cusco-pe','Cusco','location_city','https://upload.wikimedia.org/wikipedia/commons/8/87/Cusco_city.jpg','bg-orange-500','Historic capital of the Inca Empire',0x00,1,'south-america','peru','2025-12-20 05:47:56','2025-12-20 05:47:56'),
('danang-vn','Da Nang','beach_access','https://upload.wikimedia.org/wikipedia/commons/4/4c/Da_Nang_skyline.jpg','bg-cyan-500','Modern coastal city',0x00,1,'asia','vietnam','2025-12-20 05:40:53','2025-12-20 05:40:53'),
('dar-es-salaam-tz','Dar es Salaam','location_city','https://upload.wikimedia.org/wikipedia/commons/1/1f/Dar_es_Salaam_skyline.jpg','bg-blue-500','Largest city and port',0x00,1,'africa','tanzania','2025-12-20 05:47:09','2025-12-20 05:47:09'),
('deadsea-il','Dead Sea','landscape','https://upload.wikimedia.org/wikipedia/commons/0/0c/Dead_Sea.jpg','bg-cyan-500','Lowest point on Earth',0x00,1,'middle-east','israel','2025-12-20 05:49:08','2025-12-20 05:49:08'),
('deadsea-jo','Dead Sea Jordan','landscape','https://upload.wikimedia.org/wikipedia/commons/2/2d/Dead_Sea_Jordan.jpg','bg-cyan-500','Floating experience on salty water',0x00,1,'middle-east','jordan','2025-12-20 05:49:13','2025-12-20 05:49:13'),
('dubai-ae','Dubai','location_city','https://upload.wikimedia.org/wikipedia/commons/9/93/Dubai_skyline.jpg','bg-indigo-600','Luxury city with futuristic skyline',0x00,1,'middle-east','uae','2025-12-20 05:48:56','2025-12-20 05:48:56'),
('durban-za','Durban','beach_access','https://upload.wikimedia.org/wikipedia/commons/1/15/Durban_beach.jpg','bg-cyan-500','Warm beaches and surfing',0x00,1,'africa','south-africa','2025-12-20 05:46:54','2025-12-20 05:46:54'),
('eilat-il','Eilat','beach_access','https://upload.wikimedia.org/wikipedia/commons/3/3c/Eilat_beach.jpg','bg-teal-500','Red Sea resort city',0x00,1,'middle-east','israel','2025-12-20 05:49:08','2025-12-20 05:49:08'),
('elcalafate-ar','El Calafate','landscape','https://upload.wikimedia.org/wikipedia/commons/7/7f/Perito_Moreno_Glacier.jpg','bg-indigo-500','Perito Moreno Glacier',0x00,1,'south-america','argentina','2025-12-20 05:47:53','2025-12-20 05:47:53'),
('fes-ma','Fes','museum','https://upload.wikimedia.org/wikipedia/commons/1/1c/Fes_medina.jpg','bg-yellow-500','Ancient imperial city',0x00,1,'africa','morocco','2025-12-20 05:47:01','2025-12-20 05:47:01'),
('florence-it','Florence','museum','https://upload.wikimedia.org/wikipedia/commons/a/a0/Florence_city.jpg','bg-orange-500','Renaissance birthplace',0x00,1,'europe','italy','2025-12-20 05:43:39','2025-12-20 05:43:39'),
('frankfurt-de','Frankfurt','location_city','https://upload.wikimedia.org/wikipedia/commons/2/2c/Frankfurt_skyline.jpg','bg-slate-500','Financial center',0x00,1,'europe','germany','2025-12-20 05:43:46','2025-12-20 05:43:46'),
('fujairah-ae','Fujairah','beach_access','https://upload.wikimedia.org/wikipedia/commons/6/6b/Fujairah_coast.jpg','bg-cyan-500','Mountain and beach landscapes',0x00,1,'middle-east','uae','2025-12-20 05:48:56','2025-12-20 05:48:56'),
('giza-eg','Giza','landscape','https://upload.wikimedia.org/wikipedia/commons/e/e3/Kheops-Pyramid.jpg','bg-amber-500','Home of the Great Pyramids',0x00,1,'africa','egypt','2025-12-20 05:46:51','2025-12-20 05:46:51'),
('goldcoast-au','Gold Coast','beach_access','https://upload.wikimedia.org/wikipedia/commons/0/0f/Gold_Coast_beach.jpg','bg-yellow-500','Surf beaches and nightlife',0x00,1,'oceania','australia','2025-12-20 05:48:16','2025-12-20 05:48:16'),
('granada-es','Granada','castle','https://upload.wikimedia.org/wikipedia/commons/9/9e/Alhambra_Granada.jpg','bg-emerald-500','Alhambra palace city',0x00,1,'europe','spain','2025-12-20 05:43:42','2025-12-20 05:43:42'),
('greatbarrier-au','Great Barrier Reef','nature','https://upload.wikimedia.org/wikipedia/commons/1/1e/Great_Barrier_Reef.jpg','bg-cyan-600','World’s largest coral reef',0x00,1,'oceania','australia','2025-12-20 05:48:16','2025-12-20 05:48:16'),
('guatape-co','Guatape','landscape','https://upload.wikimedia.org/wikipedia/commons/2/2f/Guatape_rock.jpg','bg-cyan-500','Colorful town with giant rock',0x00,1,'south-america','colombia','2025-12-20 05:48:07','2025-12-20 05:48:07'),
('guilin-cn','Guilin','landscape','https://upload.wikimedia.org/wikipedia/commons/1/16/Guilin_Landscape.jpg','bg-emerald-600','Karst mountain landscapes',0x00,1,'asia','china','2025-12-20 05:41:14','2025-12-20 05:41:14'),
('gyeongju-kr','Gyeongju','museum','https://upload.wikimedia.org/wikipedia/commons/7/7e/Gyeongju.jpg','bg-yellow-500','Ancient capital of Silla',0x00,1,'asia','south-korea','2025-12-20 05:41:07','2025-12-20 05:41:07'),
('haifa-il','Haifa','location_city','https://upload.wikimedia.org/wikipedia/commons/6/6b/Haifa_Bahai_Gardens.jpg','bg-green-600','Bahai Gardens and port city',0x00,1,'middle-east','israel','2025-12-20 05:49:08','2025-12-20 05:49:08'),
('halong-vn','Ha Long','landscape','https://upload.wikimedia.org/wikipedia/commons/6/6e/Ha_Long_Bay_in_Vietnam.jpg','bg-blue-500','World Heritage bay with limestone islands',0x00,1,'asia','vietnam','2025-12-20 05:40:53','2025-12-20 05:40:53'),
('hamburg-de','Hamburg','location_city','https://upload.wikimedia.org/wikipedia/commons/4/4c/Hamburg_harbor.jpg','bg-cyan-500','Major port city',0x00,1,'europe','germany','2025-12-20 05:43:46','2025-12-20 05:43:46'),
('hanoi-vn','Hanoi','location_city','https://upload.wikimedia.org/wikipedia/commons/6/6e/Hanoi_skyline.jpg','bg-red-500','Capital city with ancient history',0x00,1,'asia','vietnam','2025-12-20 05:40:53','2025-12-20 05:40:53'),
('havana-cu','Havana','location_city','https://upload.wikimedia.org/wikipedia/commons/1/1e/Havana_Malecon.jpg','bg-sky-500','Colorful colonial capital',0x00,1,'north-america','cuba','2025-12-20 05:47:24','2025-12-20 05:47:24'),
('hoian-vn','Hoi An','museum','https://upload.wikimedia.org/wikipedia/commons/5/5b/Hoi_An_old_town.jpg','bg-yellow-500','Ancient town with lantern streets',0x00,1,'asia','vietnam','2025-12-20 05:40:53','2025-12-20 05:40:53'),
('iguazu-br','Iguazu Falls','landscape','https://upload.wikimedia.org/wikipedia/commons/6/6a/Iguazu_Falls.jpg','bg-emerald-600','Spectacular waterfalls',0x00,1,'south-america','brazil','2025-12-20 05:47:50','2025-12-20 05:47:50'),
('incheon-kr','Incheon','location_city','https://upload.wikimedia.org/wikipedia/commons/4/4b/Incheon_skyline.jpg','bg-blue-500','Gateway city near Seoul',0x00,1,'asia','south-korea','2025-12-20 05:41:07','2025-12-20 05:41:07'),
('interlaken-ch','Interlaken','landscape','https://upload.wikimedia.org/wikipedia/commons/3/3f/Interlaken.jpg','bg-emerald-500','Adventure mountain town',0x00,1,'europe','switzerland','2025-12-20 05:43:49','2025-12-20 05:43:49'),
('istanbul-tr','Istanbul','location_city','https://upload.wikimedia.org/wikipedia/commons/5/5c/Istanbul_skyline.jpg','bg-indigo-600','Historic city between Europe and Asia',0x00,1,'middle-east','turkey','2025-12-20 05:49:03','2025-12-20 05:49:03'),
('jeddah-sa','Jeddah','location_city','https://upload.wikimedia.org/wikipedia/commons/2/2e/Jeddah_coast.jpg','bg-blue-600','Red Sea coastal city',0x00,1,'middle-east','saudi-arabia','2025-12-20 05:49:00','2025-12-20 05:49:00'),
('jeju-kr','Jeju Island','landscape','https://upload.wikimedia.org/wikipedia/commons/3/3e/Jeju_Island.jpg','bg-emerald-500','Volcanic island destination',0x00,1,'asia','south-korea','2025-12-20 05:41:07','2025-12-20 05:41:07'),
('jerusalem-il','Jerusalem','location_city','https://upload.wikimedia.org/wikipedia/commons/8/8c/Jerusalem_old_city.jpg','bg-yellow-600','Sacred city for three religions',0x00,1,'middle-east','israel','2025-12-20 05:49:08','2025-12-20 05:49:08'),
('johannesburg-za','Johannesburg','location_city','https://upload.wikimedia.org/wikipedia/commons/0/09/Johannesburg_skyline.jpg','bg-gray-600','Economic hub of South Africa',0x00,1,'africa','south-africa','2025-12-20 05:46:54','2025-12-20 05:46:54'),
('kilimanjaro-tz','Mount Kilimanjaro','landscape','https://upload.wikimedia.org/wikipedia/commons/9/93/Mount_Kilimanjaro.jpg','bg-slate-500','Highest mountain in Africa',0x00,1,'africa','tanzania','2025-12-20 05:47:09','2025-12-20 05:47:09'),
('kingston-jm','Kingston','location_city','https://upload.wikimedia.org/wikipedia/commons/7/78/Kingston_Jamaica.jpg','bg-gray-500','Capital city and music hub',0x00,1,'north-america','jamaica','2025-12-20 05:47:28','2025-12-20 05:47:28'),
('krabi-th','Krabi','beach_access','https://upload.wikimedia.org/wikipedia/commons/3/34/Krabi_beach.jpg','bg-blue-500','Limestone cliffs and beaches',0x00,1,'asia','thailand','2025-12-20 05:41:03','2025-12-20 05:41:03'),
('kruger-za','Kruger National Park','nature','https://upload.wikimedia.org/wikipedia/commons/9/9c/Kruger_National_Park.jpg','bg-lime-600','Famous safari destination',0x00,1,'africa','south-africa','2025-12-20 05:46:54','2025-12-20 05:46:54'),
('kyoto-jp','Kyoto','museum','https://upload.wikimedia.org/wikipedia/commons/6/6e/Kyoto_city.jpg','bg-orange-500','Historic temples and shrines',0x00,1,'asia','japan','2025-12-20 05:40:57','2025-12-20 05:40:57'),
('lakelouise-ca','Lake Louise','landscape','https://upload.wikimedia.org/wikipedia/commons/5/5b/Lake_Louise_17092005.jpg','bg-blue-500','Turquoise alpine lake',0x00,1,'north-america','canada','2025-12-20 05:47:17','2025-12-20 05:47:17'),
('lasvegas-us','Las Vegas','location_city','https://upload.wikimedia.org/wikipedia/commons/d/d3/Las_Vegas_Strip.jpg','bg-pink-500','Entertainment capital',0x00,1,'north-america','usa','2025-12-20 05:47:13','2025-12-20 05:47:13'),
('lima-pe','Lima','location_city','https://upload.wikimedia.org/wikipedia/commons/4/4b/Lima_skyline.jpg','bg-gray-600','Capital city on the Pacific coast',0x00,1,'south-america','peru','2025-12-20 05:47:56','2025-12-20 05:47:56'),
('losangeles-us','Los Angeles','location_city','https://upload.wikimedia.org/wikipedia/commons/8/89/Los_Angeles_skyline.jpg','bg-orange-500','Hollywood and beaches',0x00,1,'north-america','usa','2025-12-20 05:47:13','2025-12-20 05:47:13'),
('lucerne-ch','Lucerne','landscape','https://upload.wikimedia.org/wikipedia/commons/6/6d/Lucerne_city.jpg','bg-cyan-500','Lake and mountain scenery',0x00,1,'europe','switzerland','2025-12-20 05:43:49','2025-12-20 05:43:49'),
('luxor-eg','Luxor','museum','https://upload.wikimedia.org/wikipedia/commons/3/3e/Luxor_Temple.jpg','bg-orange-500','Ancient temples and Valley of the Kings',0x00,1,'africa','egypt','2025-12-20 05:46:51','2025-12-20 05:46:51'),
('lyon-fr','Lyon','museum','https://upload.wikimedia.org/wikipedia/commons/6/69/Lyon_old_town.jpg','bg-indigo-500','Gastronomy capital',0x00,1,'europe','france','2025-12-20 05:43:25','2025-12-20 05:43:25'),
('machupicchu-pe','Machu Picchu','museum','https://upload.wikimedia.org/wikipedia/commons/e/eb/Machu_Picchu.jpg','bg-green-700','Ancient Incan citadel',0x00,1,'south-america','peru','2025-12-20 05:47:56','2025-12-20 05:47:56'),
('madrid-es','Madrid','location_city','https://upload.wikimedia.org/wikipedia/commons/c/c3/Madrid_skyline.jpg','bg-indigo-500','Capital city',0x00,1,'europe','spain','2025-12-20 05:43:42','2025-12-20 05:43:42'),
('mamanuca-fj','Mamanuca Islands','beach_access','https://upload.wikimedia.org/wikipedia/commons/9/98/Mamanuca_Islands.jpg','bg-blue-500','Tropical island paradise',0x00,1,'oceania','fiji','2025-12-20 05:48:23','2025-12-20 05:48:23'),
('manaus-br','Manaus','landscape','https://upload.wikimedia.org/wikipedia/commons/3/32/Manaus_city.jpg','bg-green-600','Gateway to the Amazon rainforest',0x00,1,'south-america','brazil','2025-12-20 05:47:50','2025-12-20 05:47:50'),
('marrakech-ma','Marrakech','location_city','https://upload.wikimedia.org/wikipedia/commons/3/3b/Marrakech_Medina.jpg','bg-orange-500','Historic medina and markets',0x00,1,'africa','morocco','2025-12-20 05:47:01','2025-12-20 05:47:01'),
('marseille-fr','Marseille','location_city','https://upload.wikimedia.org/wikipedia/commons/3/3e/Marseille_old_port.jpg','bg-sky-500','Historic port city',0x00,1,'europe','france','2025-12-20 05:43:25','2025-12-20 05:43:25'),
('masaimara-ke','Masai Mara','nature','https://upload.wikimedia.org/wikipedia/commons/9/9c/Masai_Mara.jpg','bg-green-600','World-famous wildlife safari',0x00,1,'africa','kenya','2025-12-20 05:47:05','2025-12-20 05:47:05'),
('medellin-co','Medellin','location_city','https://upload.wikimedia.org/wikipedia/commons/3/32/Medellin_city.jpg','bg-green-600','Innovative city of eternal spring',0x00,1,'south-america','colombia','2025-12-20 05:48:07','2025-12-20 05:48:07'),
('medina-sa','Medina','location_city','https://upload.wikimedia.org/wikipedia/commons/6/6f/Medina_Mosque.jpg','bg-green-700','Holy city of Islam',0x00,1,'middle-east','saudi-arabia','2025-12-20 05:49:00','2025-12-20 05:49:00'),
('melbourne-au','Melbourne','location_city','https://upload.wikimedia.org/wikipedia/commons/1/1a/Melbourne_skyline.jpg','bg-gray-600','Cultural capital of Australia',0x00,1,'oceania','australia','2025-12-20 05:48:16','2025-12-20 05:48:16'),
('mendoza-ar','Mendoza','landscape','https://upload.wikimedia.org/wikipedia/commons/4/4c/Mendoza_vineyards.jpg','bg-green-600','Wine region near Andes',0x00,1,'south-america','argentina','2025-12-20 05:47:53','2025-12-20 05:47:53'),
('merzouga-ma','Merzouga','landscape','https://upload.wikimedia.org/wikipedia/commons/6/63/Merzouga_dunes.jpg','bg-amber-600','Gateway to Sahara Desert dunes',0x00,1,'africa','morocco','2025-12-20 05:47:01','2025-12-20 05:47:01'),
('mexicocity-mx','Mexico City','location_city','https://upload.wikimedia.org/wikipedia/commons/3/32/Mexico_City_skyline.jpg','bg-red-600','Capital city with rich culture',0x00,1,'north-america','mexico','2025-12-20 05:47:20','2025-12-20 05:47:20'),
('milan-it','Milan','location_city','https://upload.wikimedia.org/wikipedia/commons/5/59/Milan_skyline.jpg','bg-indigo-500','Fashion capital',0x00,1,'europe','italy','2025-12-20 05:43:39','2025-12-20 05:43:39'),
('milfordsound-nz','Milford Sound','landscape','https://upload.wikimedia.org/wikipedia/commons/1/14/Milford_Sound.jpg','bg-emerald-600','Fjord with dramatic cliffs',0x00,1,'oceania','new-zealand','2025-12-20 05:48:20','2025-12-20 05:48:20'),
('mombasa-ke','Mombasa','beach_access','https://upload.wikimedia.org/wikipedia/commons/7/78/Mombasa_beach.jpg','bg-cyan-500','Coastal city with white beaches',0x00,1,'africa','kenya','2025-12-20 05:47:05','2025-12-20 05:47:05'),
('montegobay-jm','Montego Bay','beach_access','https://upload.wikimedia.org/wikipedia/commons/6/6b/Montego_Bay_beach.jpg','bg-blue-500','Popular resort city',0x00,1,'north-america','jamaica','2025-12-20 05:47:28','2025-12-20 05:47:28'),
('montreal-ca','Montreal','location_city','https://upload.wikimedia.org/wikipedia/commons/3/3e/Montreal_old_port.jpg','bg-purple-500','French cultural city',0x00,1,'north-america','canada','2025-12-20 05:47:17','2025-12-20 05:47:17'),
('mountfuji-jp','Mount Fuji','landscape','https://upload.wikimedia.org/wikipedia/commons/1/12/Mount_Fuji_from_Hakone.jpg','bg-slate-500','Iconic volcano landmark',0x00,1,'asia','japan','2025-12-20 05:40:57','2025-12-20 05:40:57'),
('munich-de','Munich','location_city','https://upload.wikimedia.org/wikipedia/commons/1/1f/Munich_city.jpg','bg-blue-500','Bavarian culture city',0x00,1,'europe','germany','2025-12-20 05:43:46','2025-12-20 05:43:46'),
('nadi-fj','Nadi','beach_access','https://upload.wikimedia.org/wikipedia/commons/3/3e/Nadi_Fiji.jpg','bg-cyan-500','Gateway city to Fiji islands',0x00,1,'oceania','fiji','2025-12-20 05:48:23','2025-12-20 05:48:23'),
('nairobi-ke','Nairobi','location_city','https://upload.wikimedia.org/wikipedia/commons/4/4c/Nairobi_skyline.jpg','bg-gray-600','Capital city and safari gateway',0x00,1,'africa','kenya','2025-12-20 05:47:05','2025-12-20 05:47:05'),
('nakuru-ke','Lake Nakuru','nature','https://upload.wikimedia.org/wikipedia/commons/2/2f/Lake_Nakuru_flamingos.jpg','bg-pink-500','Flamingos and birdwatching',0x00,1,'africa','kenya','2025-12-20 05:47:05','2025-12-20 05:47:05'),
('naples-it','Naples','location_city','https://upload.wikimedia.org/wikipedia/commons/1/12/Naples_city.jpg','bg-yellow-500','Historic city near Pompeii',0x00,1,'europe','italy','2025-12-20 05:43:39','2025-12-20 05:43:39'),
('nara-jp','Nara','nature','https://upload.wikimedia.org/wikipedia/commons/5/5c/Nara_park.jpg','bg-green-500','Ancient capital with deer park',0x00,1,'asia','japan','2025-12-20 05:40:57','2025-12-20 05:40:57'),
('negril-jm','Negril','beach_access','https://upload.wikimedia.org/wikipedia/commons/4/4c/Negril_Beach.jpg','bg-cyan-500','Seven Mile Beach destination',0x00,1,'north-america','jamaica','2025-12-20 05:47:28','2025-12-20 05:47:28'),
('newyork-us','New York','location_city','https://upload.wikimedia.org/wikipedia/commons/a/a1/New_York_City_skyline.jpg','bg-blue-600','The city that never sleeps',0x00,1,'north-america','usa','2025-12-20 05:47:13','2025-12-20 05:47:13'),
('ngorongoro-tz','Ngorongoro Crater','nature','https://upload.wikimedia.org/wikipedia/commons/6/63/Ngorongoro_crater.jpg','bg-emerald-600','World heritage conservation area',0x00,1,'africa','tanzania','2025-12-20 05:47:09','2025-12-20 05:47:09'),
('nice-fr','Nice','beach_access','https://upload.wikimedia.org/wikipedia/commons/f/fd/Nice_Promenade.jpg','bg-cyan-500','Mediterranean coastal city',0x00,1,'europe','france','2025-12-20 05:43:25','2025-12-20 05:43:25'),
('oaxaca-mx','Oaxaca','location_city','https://upload.wikimedia.org/wikipedia/commons/4/4b/Oaxaca_city.jpg','bg-orange-500','Traditional cuisine and culture',0x00,1,'north-america','mexico','2025-12-20 05:47:20','2025-12-20 05:47:20'),
('ochorios-jm','Ocho Rios','landscape','https://upload.wikimedia.org/wikipedia/commons/2/2e/Dunns_River_Falls.jpg','bg-emerald-500','Dunns River Falls',0x00,1,'north-america','jamaica','2025-12-20 05:47:28','2025-12-20 05:47:28'),
('osaka-jp','Osaka','castle','https://upload.wikimedia.org/wikipedia/commons/5/5f/Osaka_castle.jpg','bg-indigo-500','Food capital of Japan',0x00,1,'asia','japan','2025-12-20 05:40:57','2025-12-20 05:40:57'),
('pamukkale-tr','Pamukkale','landscape','https://upload.wikimedia.org/wikipedia/commons/6/6e/Pamukkale.jpg','bg-white','White travertine terraces',0x00,1,'middle-east','turkey','2025-12-20 05:49:03','2025-12-20 05:49:03'),
('paris-fr','Paris','location_city','https://upload.wikimedia.org/wikipedia/commons/a/a8/Tour_Eiffel_Wikimedia_Commons.jpg','bg-blue-500','City of lights and romance',0x00,1,'europe','france','2025-12-20 05:43:25','2025-12-20 05:43:25'),
('patagonia-ar','Patagonia','landscape','https://upload.wikimedia.org/wikipedia/commons/3/3e/Patagonia_landscape.jpg','bg-slate-600','Glaciers and dramatic landscapes',0x00,1,'south-america','argentina','2025-12-20 05:47:53','2025-12-20 05:47:53'),
('pattaya-th','Pattaya','beach_access','https://upload.wikimedia.org/wikipedia/commons/0/03/Pattaya_beach.jpg','bg-pink-500','Popular beach destination',0x00,1,'asia','thailand','2025-12-20 05:41:03','2025-12-20 05:41:03'),
('petra-jo','Petra','museum','https://upload.wikimedia.org/wikipedia/commons/5/5a/Petra_Treasury.jpg','bg-rose-600','Ancient rose-red city',0x00,1,'middle-east','jordan','2025-12-20 05:49:13','2025-12-20 05:49:13'),
('phuket-th','Phuket','beach_access','https://upload.wikimedia.org/wikipedia/commons/8/8f/Phuket_Beach.jpg','bg-cyan-500','Famous tropical island',0x00,1,'asia','thailand','2025-12-20 05:41:03','2025-12-20 05:41:03'),
('portantonio-jm','Port Antonio','landscape','https://upload.wikimedia.org/wikipedia/commons/5/56/Port_Antonio.jpg','bg-green-600','Lush coastal town',0x00,1,'north-america','jamaica','2025-12-20 05:47:28','2025-12-20 05:47:28'),
('puertovaras-cl','Puerto Varas','landscape','https://upload.wikimedia.org/wikipedia/commons/5/59/Puerto_Varas.jpg','bg-cyan-600','Lakes and volcano views',0x00,1,'south-america','chile','2025-12-20 05:48:02','2025-12-20 05:48:02'),
('queenstown-nz','Queenstown','landscape','https://upload.wikimedia.org/wikipedia/commons/7/75/Queenstown_Lake_Wakatipu.jpg','bg-indigo-600','Adventure capital',0x00,1,'oceania','new-zealand','2025-12-20 05:48:20','2025-12-20 05:48:20'),
('rio-br','Rio de Janeiro','location_city','https://upload.wikimedia.org/wikipedia/commons/9/93/Rio_de_Janeiro_City.jpg','bg-yellow-500','Famous for beaches and Christ the Redeemer',0x00,1,'south-america','brazil','2025-12-20 05:47:50','2025-12-20 05:47:50'),
('riyadh-sa','Riyadh','location_city','https://upload.wikimedia.org/wikipedia/commons/9/9b/Riyadh_skyline.jpg','bg-gray-600','Capital city of Saudi Arabia',0x00,1,'middle-east','saudi-arabia','2025-12-20 05:49:00','2025-12-20 05:49:00'),
('rome-it','Rome','museum','https://upload.wikimedia.org/wikipedia/commons/d/d3/Colosseum_in_Rome%2C_Italy.jpg','bg-red-500','Ancient Roman capital',0x00,1,'europe','italy','2025-12-20 05:43:39','2025-12-20 05:43:39'),
('rotorua-nz','Rotorua','nature','https://upload.wikimedia.org/wikipedia/commons/6/6c/Rotorua_geyser.jpg','bg-orange-500','Geothermal attractions',0x00,1,'oceania','new-zealand','2025-12-20 05:48:20','2025-12-20 05:48:20'),
('sacredvalley-pe','Sacred Valley','landscape','https://upload.wikimedia.org/wikipedia/commons/3/38/Sacred_Valley_Peru.jpg','bg-emerald-600','Incan ruins and mountain scenery',0x00,1,'south-america','peru','2025-12-20 05:47:56','2025-12-20 05:47:56'),
('salvador-br','Salvador','location_city','https://upload.wikimedia.org/wikipedia/commons/5/5f/Salvador_Pelourinho.jpg','bg-orange-500','Colonial city with Afro-Brazilian culture',0x00,1,'south-america','brazil','2025-12-20 05:47:50','2025-12-20 05:47:50'),
('sanfrancisco-us','San Francisco','location_city','https://upload.wikimedia.org/wikipedia/commons/a/af/Golden_Gate_Bridge.jpg','bg-red-500','Golden Gate Bridge city',0x00,1,'north-america','usa','2025-12-20 05:47:13','2025-12-20 05:47:13'),
('santaclara-cu','Santa Clara','location_city','https://upload.wikimedia.org/wikipedia/commons/5/59/Santa_Clara_Cuba.jpg','bg-indigo-500','Historic revolutionary city',0x00,1,'north-america','cuba','2025-12-20 05:47:24','2025-12-20 05:47:24'),
('santiago-cl','Santiago','location_city','https://upload.wikimedia.org/wikipedia/commons/6/6f/Santiago_skyline.jpg','bg-blue-600','Capital city surrounded by Andes',0x00,1,'south-america','chile','2025-12-20 05:48:02','2025-12-20 05:48:02'),
('saopaulo-br','Sao Paulo','location_city','https://upload.wikimedia.org/wikipedia/commons/2/2e/Sao_Paulo_skyline.jpg','bg-gray-600','Largest city in Brazil',0x00,1,'south-america','brazil','2025-12-20 05:47:50','2025-12-20 05:47:50'),
('sapa-vn','Sapa','landscape','https://upload.wikimedia.org/wikipedia/commons/3/3a/Sa_Pa_terraced_fields.jpg','bg-emerald-500','Mountain town with rice terraces',0x00,1,'asia','vietnam','2025-12-20 05:40:53','2025-12-20 05:40:53'),
('seoul-kr','Seoul','location_city','https://upload.wikimedia.org/wikipedia/commons/6/6d/Seoul_Skyline.jpg','bg-indigo-500','Capital city of South Korea',0x00,1,'asia','south-korea','2025-12-20 05:41:07','2025-12-20 05:41:07'),
('serengeti-tz','Serengeti','nature','https://upload.wikimedia.org/wikipedia/commons/9/91/Serengeti_plains.jpg','bg-green-600','Great Migration wildlife park',0x00,1,'africa','tanzania','2025-12-20 05:47:09','2025-12-20 05:47:09'),
('seville-es','Seville','museum','https://upload.wikimedia.org/wikipedia/commons/7/7b/Seville_city.jpg','bg-orange-500','Flamenco and history',0x00,1,'europe','spain','2025-12-20 05:43:42','2025-12-20 05:43:42'),
('shanghai-cn','Shanghai','location_city','https://upload.wikimedia.org/wikipedia/commons/7/74/Shanghai_skyline.jpg','bg-indigo-600','Modern financial hub',0x00,1,'asia','china','2025-12-20 05:41:14','2025-12-20 05:41:14'),
('sharjah-ae','Sharjah','location_city','https://upload.wikimedia.org/wikipedia/commons/7/79/Sharjah_city.jpg','bg-orange-500','Cultural capital of UAE',0x00,1,'middle-east','uae','2025-12-20 05:48:56','2025-12-20 05:48:56'),
('stellenbosch-za','Stellenbosch','landscape','https://upload.wikimedia.org/wikipedia/commons/6/6e/Stellenbosch_vineyards.jpg','bg-green-600','Wine region near Cape Town',0x00,1,'africa','south-africa','2025-12-20 05:46:54','2025-12-20 05:46:54'),
('stmoritz-ch','St Moritz','location_city','https://upload.wikimedia.org/wikipedia/commons/8/87/St_Moritz.jpg','bg-indigo-500','Luxury alpine resort',0x00,1,'europe','switzerland','2025-12-20 05:43:49','2025-12-20 05:43:49'),
('suva-fj','Suva','location_city','https://upload.wikimedia.org/wikipedia/commons/2/2f/Suva_city.jpg','bg-gray-600','Capital city of Fiji',0x00,1,'oceania','fiji','2025-12-20 05:48:23','2025-12-20 05:48:23'),
('sydney-au','Sydney','location_city','https://upload.wikimedia.org/wikipedia/commons/4/40/Sydney_Opera_House.jpg','bg-blue-600','Opera House and Harbour Bridge',0x00,1,'oceania','australia','2025-12-20 05:48:16','2025-12-20 05:48:16'),
('tayrona-co','Tayrona National Park','nature','https://upload.wikimedia.org/wikipedia/commons/9/92/Tayrona_Park.jpg','bg-emerald-600','Caribbean beaches and jungle',0x00,1,'south-america','colombia','2025-12-20 05:48:07','2025-12-20 05:48:07'),
('tekapo-nz','Lake Tekapo','landscape','https://upload.wikimedia.org/wikipedia/commons/5/5c/Lake_Tekapo.jpg','bg-cyan-500','Turquoise lake and stargazing',0x00,1,'oceania','new-zealand','2025-12-20 05:48:20','2025-12-20 05:48:20'),
('telaviv-il','Tel Aviv','location_city','https://upload.wikimedia.org/wikipedia/commons/7/7e/Tel_Aviv_skyline.jpg','bg-blue-600','Modern coastal city',0x00,1,'middle-east','israel','2025-12-20 05:49:08','2025-12-20 05:49:08'),
('tokyo-jp','Tokyo','location_city','https://upload.wikimedia.org/wikipedia/commons/1/14/Tokyo_Skyline.jpg','bg-red-500','Modern capital of Japan',0x00,1,'asia','japan','2025-12-20 05:40:57','2025-12-20 05:40:57'),
('toronto-ca','Toronto','location_city','https://upload.wikimedia.org/wikipedia/commons/5/5f/Toronto_skyline.jpg','bg-indigo-500','Largest city in Canada',0x00,1,'north-america','canada','2025-12-20 05:47:17','2025-12-20 05:47:17'),
('torresdelpaine-cl','Torres del Paine','landscape','https://upload.wikimedia.org/wikipedia/commons/0/0d/Torres_del_Paine.jpg','bg-emerald-600','Iconic national park',0x00,1,'south-america','chile','2025-12-20 05:48:02','2025-12-20 05:48:02'),
('trinidad-cu','Trinidad','museum','https://upload.wikimedia.org/wikipedia/commons/3/34/Trinidad_Cuba.jpg','bg-yellow-500','UNESCO colonial town',0x00,1,'north-america','cuba','2025-12-20 05:47:24','2025-12-20 05:47:24'),
('tulum-mx','Tulum','landscape','https://upload.wikimedia.org/wikipedia/commons/1/15/Tulum_ruins.jpg','bg-emerald-500','Mayan ruins by the sea',0x00,1,'north-america','mexico','2025-12-20 05:47:20','2025-12-20 05:47:20'),
('uluru-au','Uluru','landscape','https://upload.wikimedia.org/wikipedia/commons/a/a0/Uluru_Ayers_Rock.jpg','bg-red-600','Sacred sandstone monolith',0x00,1,'oceania','australia','2025-12-20 05:48:16','2025-12-20 05:48:16'),
('valencia-es','Valencia','beach_access','https://upload.wikimedia.org/wikipedia/commons/3/34/Valencia_city.jpg','bg-cyan-500','City of Arts and Sciences',0x00,1,'europe','spain','2025-12-20 05:43:42','2025-12-20 05:43:42'),
('valparaiso-cl','Valparaiso','location_city','https://upload.wikimedia.org/wikipedia/commons/1/15/Valparaiso_city.jpg','bg-pink-500','Colorful port city',0x00,1,'south-america','chile','2025-12-20 05:48:02','2025-12-20 05:48:02'),
('vancouver-ca','Vancouver','location_city','https://upload.wikimedia.org/wikipedia/commons/5/5c/Vancouver_skyline.jpg','bg-cyan-600','Coastal city with mountains',0x00,1,'north-america','canada','2025-12-20 05:47:17','2025-12-20 05:47:17'),
('varadero-cu','Varadero','beach_access','https://upload.wikimedia.org/wikipedia/commons/4/4c/Varadero_beach.jpg','bg-cyan-500','Top beach resort',0x00,1,'north-america','cuba','2025-12-20 05:47:24','2025-12-20 05:47:24'),
('venice-it','Venice','location_city','https://upload.wikimedia.org/wikipedia/commons/3/30/Venice_Grand_Canal.jpg','bg-blue-500','Romantic canal city',0x00,1,'europe','italy','2025-12-20 05:43:39','2025-12-20 05:43:39'),
('vinales-cu','Vinales','landscape','https://upload.wikimedia.org/wikipedia/commons/1/1c/Vinales_Valley.jpg','bg-emerald-600','Limestone valley scenery',0x00,1,'north-america','cuba','2025-12-20 05:47:24','2025-12-20 05:47:24'),
('wadi-rum-jo','Wadi Rum','landscape','https://upload.wikimedia.org/wikipedia/commons/1/1e/Wadi_Rum.jpg','bg-amber-600','Desert valley of sandstone mountains',0x00,1,'middle-east','jordan','2025-12-20 05:49:13','2025-12-20 05:49:13'),
('xian-cn','Xi An','museum','https://upload.wikimedia.org/wikipedia/commons/2/2f/Terracotta_Army.jpg','bg-yellow-600','Terracotta Army city',0x00,1,'asia','china','2025-12-20 05:41:14','2025-12-20 05:41:14'),
('yasawa-fj','Yasawa Islands','beach_access','https://upload.wikimedia.org/wikipedia/commons/4/4e/Yasawa_Islands.jpg','bg-emerald-600','Remote island chains',0x00,1,'oceania','fiji','2025-12-20 05:48:23','2025-12-20 05:48:23'),
('yosemite-us','Yosemite','landscape','https://upload.wikimedia.org/wikipedia/commons/0/0f/Yosemite_Valley.jpg','bg-green-600','Iconic national park',0x00,1,'north-america','usa','2025-12-20 05:47:13','2025-12-20 05:47:13'),
('zanzibar-tz','Zanzibar','beach_access','https://upload.wikimedia.org/wikipedia/commons/4/4f/Zanzibar_beach.jpg','bg-cyan-500','Tropical island paradise',0x00,1,'africa','tanzania','2025-12-20 05:47:09','2025-12-20 05:47:09'),
('zermatt-ch','Zermatt','landscape','https://upload.wikimedia.org/wikipedia/commons/4/49/Zermatt_mountain.jpg','bg-slate-500','Matterhorn village',0x00,1,'europe','switzerland','2025-12-20 05:43:49','2025-12-20 05:43:49'),
('zurich-ch','Zurich','location_city','https://upload.wikimedia.org/wikipedia/commons/3/3f/Zurich_city.jpg','bg-blue-500','Largest Swiss city',0x00,1,'europe','switzerland','2025-12-20 05:43:49','2025-12-20 05:43:49');
/*!40000 ALTER TABLE `categories` ENABLE KEYS */;
UNLOCK TABLES;

--
-- Table structure for table `contact_messages`
--

DROP TABLE IF EXISTS `contact_messages`;
/*!40101 SET @saved_cs_client     = @@character_set_client */;
/*!40101 SET character_set_client = utf8mb4 */;
CREATE TABLE `contact_messages` (
  `id` int(11) NOT NULL AUTO_INCREMENT,
  `name` varchar(255) NOT NULL,
  `email` varchar(255) NOT NULL,
  `subject` varchar(255) NOT NULL,
  `message` text NOT NULL,
  `is_read` bit(1) NOT NULL DEFAULT b'0',
  `created_at` timestamp NULL DEFAULT current_timestamp(),
  `updated_at` timestamp NULL DEFAULT current_timestamp() ON UPDATE current_timestamp(),
  PRIMARY KEY (`id`),
  KEY `idx_email` (`email`),
  KEY `idx_is_read` (`is_read`),
  KEY `idx_created_at` (`created_at`)
) ENGINE=InnoDB AUTO_INCREMENT=2 DEFAULT CHARSET=utf8mb4 COLLATE=utf8mb4_unicode_ci;
/*!40101 SET character_set_client = @saved_cs_client */;

--
-- Dumping data for table `contact_messages`
--

LOCK TABLES `contact_messages` WRITE;
/*!40000 ALTER TABLE `contact_messages` DISABLE KEYS */;
INSERT INTO `contact_messages` VALUES
(1,'Hoàng Văn Thắng','thangthanhthat10a3@gmail.com','fghdg','grg',0x00,'2025-12-21 09:12:59','2025-12-21 09:12:59');
/*!40000 ALTER TABLE `contact_messages` ENABLE KEYS */;
UNLOCK TABLES;

--
-- Table structure for table `countries`
--

DROP TABLE IF EXISTS `countries`;
/*!40101 SET @saved_cs_client     = @@character_set_client */;
/*!40101 SET character_set_client = utf8mb4 */;
CREATE TABLE `countries` (
  `id` varchar(50) NOT NULL,
  `name` varchar(100) NOT NULL,
  `region` varchar(50) NOT NULL,
  `icon` varchar(50) NOT NULL,
  `image` text NOT NULL,
  `color_class` varchar(50) NOT NULL,
  `description` text DEFAULT NULL,
  `is_deleted` bit(1) NOT NULL DEFAULT b'0',
  `area_id` varchar(50) DEFAULT NULL,
  `created_at` timestamp NULL DEFAULT current_timestamp(),
  `updated_at` timestamp NULL DEFAULT current_timestamp() ON UPDATE current_timestamp(),
  PRIMARY KEY (`id`),
  KEY `area_id` (`area_id`),
  CONSTRAINT `1` FOREIGN KEY (`area_id`) REFERENCES `areas` (`id`) ON DELETE SET NULL
) ENGINE=InnoDB DEFAULT CHARSET=utf8mb4 COLLATE=utf8mb4_unicode_ci;
/*!40101 SET character_set_client = @saved_cs_client */;

--
-- Dumping data for table `countries`
--

LOCK TABLES `countries` WRITE;
/*!40000 ALTER TABLE `countries` DISABLE KEYS */;
INSERT INTO `countries` VALUES
('antarctica-research','Antarctica Research Stations','antarctica','landscape','https://upload.wikimedia.org/wikipedia/commons/0/08/Antarctica_icebergs.jpg','bg-slate-500','Antarctica has research stations and icy landscapes.',0x00,'antarctica','2025-12-20 05:23:01','2025-12-20 05:23:01'),
('argentina','Argentina','america','landscape','https://upload.wikimedia.org/wikipedia/commons/0/06/Patagonia_Landscape.jpg','bg-sky-600','Argentina offers tango, glaciers and nature.',0x00,'south-america','2025-12-20 05:22:43','2025-12-20 05:22:43'),
('australia','Australia','oceania','beach_access','https://upload.wikimedia.org/wikipedia/commons/8/8e/Sydney_Opera_House.jpg','bg-cyan-500','Australia is known for beaches and wildlife.',0x00,'oceania','2025-12-20 05:22:50','2025-12-20 05:22:50'),
('brazil','Brazil','america','forest','https://upload.wikimedia.org/wikipedia/commons/5/5f/Rio_de_Janeiro_City.jpg','bg-green-700','Brazil is famous for Amazon and Rio Carnival.',0x00,'south-america','2025-12-20 05:22:43','2025-12-20 05:22:43'),
('canada','Canada','america','landscape','https://upload.wikimedia.org/wikipedia/commons/5/5b/Lake_Louise_17092005.jpg','bg-cyan-600','Canada is known for nature and clean cities.',0x00,'north-america','2025-12-20 05:22:35','2025-12-20 05:22:35'),
('chile','Chile','america','landscape','https://upload.wikimedia.org/wikipedia/commons/5/5e/Atacama_Desert.jpg','bg-orange-600','Chile has deserts and Patagonia.',0x00,'south-america','2025-12-20 05:22:43','2025-12-20 05:22:43'),
('china','China','asia','museum','https://upload.wikimedia.org/wikipedia/commons/1/10/Great_Wall_of_China_July_2006.JPG','bg-yellow-500','China has ancient wonders like the Great Wall and modern megacities.',0x00,'asia','2025-12-20 05:22:08','2025-12-20 05:22:08'),
('colombia','Colombia','america','location_city','https://upload.wikimedia.org/wikipedia/commons/2/28/Medellin_skyline.jpg','bg-red-500','Colombia blends culture and biodiversity.',0x00,'south-america','2025-12-20 05:22:43','2025-12-20 05:22:43'),
('cuba','Cuba','america','beach_access','https://upload.wikimedia.org/wikipedia/commons/1/1e/Havana_Malecon.jpg','bg-orange-600','Cuba is famous for beaches and colonial cities.',0x00,'north-america','2025-12-20 05:22:35','2025-12-20 05:22:35'),
('egypt','Egypt','africa','museum','https://upload.wikimedia.org/wikipedia/commons/e/e3/Kheops-Pyramid.jpg','bg-yellow-500','Egypt is home to pyramids and ancient civilization.',0x00,'africa','2025-12-20 05:22:21','2025-12-20 05:22:21'),
('fiji','Fiji','oceania','beach_access','https://upload.wikimedia.org/wikipedia/commons/6/6b/Fiji_beach.jpg','bg-sky-500','Fiji is famous for islands and coral reefs.',0x00,'oceania','2025-12-20 05:22:50','2025-12-20 05:22:50'),
('france','France','europe','castle','https://upload.wikimedia.org/wikipedia/commons/a/a8/Tour_Eiffel_Wikimedia_Commons.jpg','bg-blue-500','France is famous for Paris, art, fashion and cuisine.',0x00,'europe','2025-12-20 05:22:15','2025-12-20 05:22:15'),
('germany','Germany','europe','location_city','https://upload.wikimedia.org/wikipedia/commons/a/a6/Berlin_Skyline_Fernsehturm_02.jpg','bg-gray-500','Germany combines modern cities and medieval towns.',0x00,'europe','2025-12-20 05:22:15','2025-12-20 05:22:15'),
('israel','Israel','middle_east','museum','https://upload.wikimedia.org/wikipedia/commons/d/d5/Jerusalem_old_city.jpg','bg-blue-500','Israel has historical religious sites.',0x00,'middle-east','2025-12-20 05:22:56','2025-12-20 05:22:56'),
('italy','Italy','europe','museum','https://upload.wikimedia.org/wikipedia/commons/d/d3/Colosseum_in_Rome%2C_Italy.jpg','bg-green-500','Italy offers Rome, Venice and rich Roman history.',0x00,'europe','2025-12-20 05:22:15','2025-12-20 05:22:15'),
('jamaica','Jamaica','america','beach_access','https://upload.wikimedia.org/wikipedia/commons/4/4c/Negril_Beach.jpg','bg-emerald-500','Jamaica offers tropical vibes and reggae culture.',0x00,'north-america','2025-12-20 05:22:35','2025-12-20 05:22:35'),
('japan','Japan','asia','castle','https://upload.wikimedia.org/wikipedia/commons/1/12/Mount_Fuji_from_Hakone.jpg','bg-red-400','Japan blends ancient traditions with modern technology.',0x00,'asia','2025-12-20 05:22:08','2025-12-20 05:22:08'),
('jordan','Jordan','middle_east','landscape','https://upload.wikimedia.org/wikipedia/commons/6/6b/Petra_Jordan.jpg','bg-rose-500','Jordan is home to Petra.',0x00,'middle-east','2025-12-20 05:22:56','2025-12-20 05:22:56'),
('kenya','Kenya','africa','forest','https://upload.wikimedia.org/wikipedia/commons/9/9c/Masai_Mara.jpg','bg-lime-600','Kenya is famous for wildlife safaris.',0x00,'africa','2025-12-20 05:22:21','2025-12-20 05:22:21'),
('mexico','Mexico','america','temple_buddhist','https://upload.wikimedia.org/wikipedia/commons/9/94/Chichen_Itza.jpg','bg-red-600','Mexico has Mayan ruins and rich cuisine.',0x00,'north-america','2025-12-20 05:22:35','2025-12-20 05:22:35'),
('morocco','Morocco','africa','location_city','https://upload.wikimedia.org/wikipedia/commons/3/3b/Marrakech_Medina.jpg','bg-orange-500','Morocco blends Arab, Berber and European cultures.',0x00,'africa','2025-12-20 05:22:21','2025-12-20 05:22:21'),
('new-zealand','New Zealand','oceania','landscape','https://upload.wikimedia.org/wikipedia/commons/3/3f/Milford_Sound.jpg','bg-emerald-500','New Zealand offers stunning natural scenery.',0x00,'oceania','2025-12-20 05:22:50','2025-12-20 05:22:50'),
('papua-new-guinea','Papua New Guinea','oceania','forest','https://upload.wikimedia.org/wikipedia/commons/2/2e/Papua_New_Guinea_landscape.jpg','bg-green-600','Papua New Guinea has diverse cultures.',0x00,'oceania','2025-12-20 05:22:50','2025-12-20 05:22:50'),
('peru','Peru','america','museum','https://upload.wikimedia.org/wikipedia/commons/e/eb/Machu_Picchu.jpg','bg-yellow-600','Peru is home to Machu Picchu.',0x00,'south-america','2025-12-20 05:22:43','2025-12-20 05:22:43'),
('samoa','Samoa','oceania','beach_access','https://upload.wikimedia.org/wikipedia/commons/9/9c/Samoa_beach.jpg','bg-blue-400','Samoa offers untouched beaches.',0x00,'oceania','2025-12-20 05:22:50','2025-12-20 05:22:50'),
('saudi-arabia','Saudi Arabia','middle_east','museum','https://upload.wikimedia.org/wikipedia/commons/7/73/AlUla_Madain_Saleh.jpg','bg-yellow-600','Saudi Arabia offers heritage and deserts.',0x00,'middle-east','2025-12-20 05:22:56','2025-12-20 05:22:56'),
('south-africa','South Africa','africa','nature','https://upload.wikimedia.org/wikipedia/commons/9/9e/Table_Mountain_from_Bloubergstrand.jpg','bg-green-600','South Africa offers safaris and stunning landscapes.',0x00,'africa','2025-12-20 05:22:21','2025-12-20 05:22:21'),
('south-korea','South Korea','asia','location_city','https://upload.wikimedia.org/wikipedia/commons/6/6d/Seoul_Skyline.jpg','bg-indigo-400','South Korea attracts visitors with Seoul, K-pop and food culture.',0x00,'asia','2025-12-20 05:22:08','2025-12-20 05:22:08'),
('spain','Spain','europe','beach_access','https://upload.wikimedia.org/wikipedia/commons/5/57/Barcelona_Skyline.jpg','bg-red-500','Spain is known for beaches, football and vibrant culture.',0x00,'europe','2025-12-20 05:22:15','2025-12-20 05:22:15'),
('switzerland','Switzerland','europe','landscape','https://upload.wikimedia.org/wikipedia/commons/3/3f/Swiss_Alps.jpg','bg-emerald-500','Switzerland is famous for Alps and beautiful lakes.',0x00,'europe','2025-12-20 05:22:15','2025-12-20 05:22:15'),
('tanzania','Tanzania','africa','landscape','https://upload.wikimedia.org/wikipedia/commons/9/93/Mount_Kilimanjaro.jpg','bg-sky-500','Tanzania has Mount Kilimanjaro and Serengeti.',0x00,'africa','2025-12-20 05:22:21','2025-12-20 05:22:21'),
('thailand','Thailand','asia','beach_access','https://upload.wikimedia.org/wikipedia/commons/8/8f/Phuket_Beach.jpg','bg-orange-400','Thailand is known for tropical beaches and vibrant nightlife.',0x00,'asia','2025-12-20 05:22:08','2025-12-20 05:22:08'),
('turkey','Turkey','middle_east','castle','https://upload.wikimedia.org/wikipedia/commons/1/18/Cappadocia.jpg','bg-red-500','Turkey bridges Europe and Asia.',0x00,'middle-east','2025-12-20 05:22:56','2025-12-20 05:22:56'),
('uae','United Arab Emirates','middle_east','location_city','https://upload.wikimedia.org/wikipedia/commons/0/0c/Dubai_skyline.jpg','bg-orange-500','UAE is famous for Dubai and luxury tourism.',0x00,'middle-east','2025-12-20 05:22:56','2025-12-20 05:22:56'),
('usa','United States','america','location_city','https://upload.wikimedia.org/wikipedia/commons/a/a1/New_York_City_skyline.jpg','bg-blue-600','USA offers iconic cities and national parks.',0x00,'north-america','2025-12-20 05:22:35','2025-12-20 05:22:35'),
('vietnam','Vietnam','asia','temple_buddhist','https://upload.wikimedia.org/wikipedia/commons/6/6e/Ha_Long_Bay_in_Vietnam.jpg','bg-red-500','Vietnam is famous for Ha Long Bay, Hoi An, and rich cultural heritage.',0x00,'asia','2025-12-20 05:22:08','2025-12-20 05:22:08');
/*!40000 ALTER TABLE `countries` ENABLE KEYS */;
UNLOCK TABLES;

--
-- Table structure for table `posts`
--

DROP TABLE IF EXISTS `posts`;
/*!40101 SET @saved_cs_client     = @@character_set_client */;
/*!40101 SET character_set_client = utf8mb4 */;
CREATE TABLE `posts` (
  `id` varchar(50) NOT NULL,
  `title` varchar(255) NOT NULL,
  `excerpt` text NOT NULL,
  `image` text NOT NULL COMMENT 'Banner image URL',
  `thumbnail` text NOT NULL COMMENT 'Thumbnail image URL',
  `category_id` varchar(50) NOT NULL,
  `author_id` int(11) NOT NULL,
  `date` varchar(50) NOT NULL COMMENT 'Formatted date string like "Aug 8, 2025"',
  `read_time` varchar(20) DEFAULT NULL,
  `slug` varchar(255) NOT NULL,
  `content` longtext DEFAULT NULL COMMENT 'HTML content from Lexical editor',
  `sidebar_banner` longtext CHARACTER SET utf8mb4 COLLATE utf8mb4_bin DEFAULT NULL COMMENT 'Sidebar banner data as JSON' CHECK (json_valid(`sidebar_banner`)),
  `is_deleted` bit(1) NOT NULL DEFAULT b'0',
  `created_at` timestamp NULL DEFAULT current_timestamp(),
  `updated_at` timestamp NULL DEFAULT current_timestamp() ON UPDATE current_timestamp(),
  PRIMARY KEY (`id`),
  UNIQUE KEY `slug` (`slug`),
  KEY `idx_category_id` (`category_id`),
  KEY `idx_author_id` (`author_id`),
  KEY `idx_slug` (`slug`),
  KEY `idx_date` (`date`),
  CONSTRAINT `1` FOREIGN KEY (`category_id`) REFERENCES `categories` (`id`),
  CONSTRAINT `2` FOREIGN KEY (`author_id`) REFERENCES `authors` (`id`)
) ENGINE=InnoDB DEFAULT CHARSET=utf8mb4 COLLATE=utf8mb4_unicode_ci;
/*!40101 SET character_set_client = @saved_cs_client */;

--
-- Dumping data for table `posts`
--

LOCK TABLES `posts` WRITE;
/*!40000 ALTER TABLE `posts` DISABLE KEYS */;
INSERT INTO `posts` VALUES
('post-ai-001','AI in Healthcare: Revolutionizing Medicine','How AI is transforming diagnostics and patient care.','https://upload.wikimedia.org/wikipedia/commons/1/17/Artificial_Intelligence_icon.png','https://upload.wikimedia.org/wikipedia/commons/thumb/1/17/Artificial_Intelligence_icon.png/640px-Artificial_Intelligence_icon.png','cat-ai',1,'Dec 20, 2025','12 min read','ai-healthcare','<h1>AI in Healthcare</h1><p>Artificial Intelligence is revolutionizing healthcare by enabling predictive diagnostics, personalized treatments, and advanced imaging analysis.</p>','{\"title\":\"Learn AI\",\"image\":\"https://upload.wikimedia.org/wikipedia/commons/1/17/Artificial_Intelligence_icon.png\",\"link\":\"/categories/ai\"}',0x00,'2025-12-20 10:20:18','2025-12-20 10:20:18'),
('post-ai-002','AI in Finance: Smarter Decisions','How AI optimizes trading, fraud detection, and customer insights.','https://upload.wikimedia.org/wikipedia/commons/1/17/Artificial_Intelligence_icon.png','https://upload.wikimedia.org/wikipedia/commons/thumb/1/17/Artificial_Intelligence_icon.png/640px-Artificial_Intelligence_icon.png','cat-ai',1,'Dec 21, 2025','10 min read','ai-finance','<h1>AI in Finance</h1><p>Machine learning and AI are increasingly used in finance for algorithmic trading, fraud detection, risk analysis, and customer personalization.</p>','{\"title\":\"Learn AI\",\"image\":\"https://upload.wikimedia.org/wikipedia/commons/1/17/Artificial_Intelligence_icon.png\",\"link\":\"/categories/ai\"}',0x00,'2025-12-20 10:20:18','2025-12-20 10:20:18'),
('post-ai-003','AI in Education: Personalized Learning','AI-driven education platforms adapting to individual student needs.','https://upload.wikimedia.org/wikipedia/commons/1/17/Artificial_Intelligence_icon.png','https://upload.wikimedia.org/wikipedia/commons/thumb/1/17/Artificial_Intelligence_icon.png/640px-Artificial_Intelligence_icon.png','cat-ai',1,'Dec 22, 2025','11 min read','ai-education','<h1>AI in Education</h1><p>Artificial Intelligence enables adaptive learning systems, AI tutors, and data-driven feedback for better student outcomes.</p>','{\"title\":\"Learn AI\",\"image\":\"https://upload.wikimedia.org/wikipedia/commons/1/17/Artificial_Intelligence_icon.png\",\"link\":\"/categories/ai\"}',0x00,'2025-12-20 10:20:18','2025-12-20 10:20:18'),
('post-ai-004','AI in Transportation: Autonomous Vehicles','AI technologies driving self-driving cars and smart traffic.','https://upload.wikimedia.org/wikipedia/commons/1/17/Artificial_Intelligence_icon.png','https://upload.wikimedia.org/wikipedia/commons/thumb/1/17/Artificial_Intelligence_icon.png/640px-Artificial_Intelligence_icon.png','cat-ai',1,'Dec 23, 2025','12 min read','ai-transportation','<h1>AI in Transportation</h1><p>AI enables autonomous vehicles, smart traffic management, and predictive maintenance in transport systems.</p>','{\"title\":\"Learn AI\",\"image\":\"https://upload.wikimedia.org/wikipedia/commons/1/17/Artificial_Intelligence_icon.png\",\"link\":\"/categories/ai\"}',0x00,'2025-12-20 10:20:18','2025-12-20 10:20:18'),
('post-ai-005','AI in Smart Homes: Living Smarter','How AI enhances automation and convenience at home.','https://upload.wikimedia.org/wikipedia/commons/1/17/Artificial_Intelligence_icon.png','https://upload.wikimedia.org/wikipedia/commons/thumb/1/17/Artificial_Intelligence_icon.png/640px-Artificial_Intelligence_icon.png','cat-ai',1,'Dec 24, 2025','9 min read','ai-smart-homes','<h1>AI in Smart Homes</h1><p>AI integrates with IoT devices to automate lighting, climate control, security, and daily routines for a smarter lifestyle.</p>','{\"title\":\"Learn AI\",\"image\":\"https://upload.wikimedia.org/wikipedia/commons/1/17/Artificial_Intelligence_icon.png\",\"link\":\"/categories/ai\"}',0x00,'2025-12-20 10:20:18','2025-12-20 10:20:18'),
('post-ai-006','AI Ethics: Challenges and Considerations','Exploring ethical issues in AI development and deployment.','https://upload.wikimedia.org/wikipedia/commons/1/17/Artificial_Intelligence_icon.png','https://upload.wikimedia.org/wikipedia/commons/thumb/1/17/Artificial_Intelligence_icon.png/640px-Artificial_Intelligence_icon.png','cat-ai',1,'Dec 25, 2025','13 min read','ai-ethics','<h1>AI Ethics</h1><p>AI presents ethical challenges including privacy, bias, accountability, and job displacement that must be addressed responsibly.</p>','{\"title\":\"Learn AI\",\"image\":\"https://upload.wikimedia.org/wikipedia/commons/1/17/Artificial_Intelligence_icon.png\",\"link\":\"/categories/ai\"}',0x00,'2025-12-20 10:20:18','2025-12-20 10:20:18'),
('post-alexandria-001','Alexandria Travel Guide: Mediterranean Pearl of Egypt','Alexandria blends ancient history, modern libraries, and relaxed seaside vibes along the Corniche.','https://dynamic-media-cdn.tripadvisor.com/media/photo-o/29/8e/98/f6/caption.jpg?w=800&h=800&s=1','https://dynamic-media-cdn.tripadvisor.com/media/photo-o/29/8e/98/f6/caption.jpg?w=800&h=800&s=1','alexandria-eg',1,'Jan 15, 2026','11 min read','alexandria-travel-guide','<h1>Alexandria – Egypt\'s Coastal Beauty</h1>\r\n  <p>Founded by Alexander the Great, with Mediterranean charm.</p>\r\n\r\n  <h2>Why Visit Alexandria?</h2>\r\n  <ul>\r\n    <li>Stunning seafront Corniche</li>\r\n    <li>Revived ancient library</li>\r\n    <li>Fresh seafood cuisine</li>\r\n    <li>Greco-Roman heritage</li>\r\n  </ul>\r\n\r\n  <h2>Top Attractions in Alexandria</h2>\r\n\r\n  <h3>Bibliotheca Alexandrina</h3>\r\n  <p>Futuristic library with museums and planetarium.</p>\r\n\r\n  <h3>Qaitbay Citadel</h3>\r\n  <p>Fortress on the site of ancient lighthouse.</p>\r\n\r\n  <h3>Corniche</h3>\r\n  <p>Long promenade for walks and cafes.</p>\r\n\r\n  <h3>Catacombs</h3>\r\n  <p>Unique blend of Egyptian and Roman art.</p>\r\n\r\n  <h2>Culinary Experience</h2>\r\n  <ul>\r\n    <li>Fresh Mediterranean seafood</li>\r\n    <li>Liver sandwiches (kebda)</li>\r\n    <li>Egyptian ice cream</li>\r\n  </ul>\r\n\r\n  <h2>Best Time to Visit Alexandria</h2>\r\n  <p>Spring or fall for mild weather.</p>\r\n\r\n  <h2>Conclusion</h2>\r\n  <p>Alexandria offers relaxed coastal escape from Cairo\'s intensity.</p>','{\"title\": \"Explore Alexandria\", \"image\": \"https://dynamic-media-cdn.tripadvisor.com/media/photo-o/29/8e/98/f6/caption.jpg?w=800&h=800&s=1\", \"link\": \"/travel/alexandria\"}',0x00,'2025-12-20 09:17:28','2025-12-20 09:17:28'),
('post-amboseli-001','Amboseli National Park Travel Guide: Elephants Under Kilimanjaro','Amboseli offers classic African safari with massive elephant herds against the dramatic backdrop of Mount Kilimanjaro.','https://www.safariventures.com/wp-content/uploads/amboseli-national-park.jpg','https://www.safariventures.com/wp-content/uploads/amboseli-national-park.jpg','amboseli-ke',1,'Mar 01, 2026','11 min read','amboseli-national-park-travel-guide','<h1>Amboseli – Iconic Kilimanjaro Backdrop Safari</h1>\r\n  <p>Kenya\'s most photographed park with elephants and epic mountain views.</p>\r\n\r\n  <h2>Why Visit Amboseli?</h2>\r\n  <ul>\r\n    <li>Large elephant families up close</li>\r\n    <li>Stunning Kilimanjaro scenery</li>\r\n    <li>Maasai culture interactions</li>\r\n    <li>Excellent birdlife</li>\r\n  </ul>\r\n\r\n  <h2>Top Attractions in Amboseli</h2>\r\n\r\n  <h3>Swamp Areas</h3>\r\n  <p>Elephants feeding with mountain backdrop.</p>\r\n\r\n  <h3>Observation Hill</h3>\r\n  <p>360° park views.</p>\r\n\r\n  <h3>Maasai Villages</h3>\r\n  <p>Cultural dances and insights.</p>\r\n\r\n  <h2>Culinary Experience</h2>\r\n  <ul>\r\n    <li>Bush breakfasts</li>\r\n    <li>Kenyan nyama choma</li>\r\n  </ul>\r\n\r\n  <h2>Best Time to Visit Amboseli</h2>\r\n  <p>Dry seasons for clear mountain views.</p>\r\n\r\n  <h2>Conclusion</h2>\r\n  <p>Amboseli delivers postcard-perfect African moments.</p>','{\"title\": \"Explore Amboseli\", \"image\": \"https://www.safariventures.com/wp-content/uploads/amboseli-national-park.jpg\", \"link\": \"/travel/amboseli\"}',0x00,'2025-12-20 09:21:17','2025-12-20 09:21:17'),
('post-aswan-001','Aswan Travel Guide: Relaxed Nile Gateway','Aswan charms with Nubian culture, felucca sails, and monumental temples along the serene Nile.','https://journeyofanomadicfamily.com/wp-content/uploads/uploads/2023/07/DSCF3590.jpg','https://res.cloudinary.com/dod6izaze/image/upload/v1766225058/aswan-13798-2560x1600_srcvy1.webp','aswan-eg',1,'Jan 21, 2026',NULL,'aswan-travel-guide','<h1 class=\"PlaygroundEditorTheme__h1\"><span style=\"white-space: pre-wrap;\">Aswan – Tranquil Southern Egypt</span></h1><p class=\"PlaygroundEditorTheme__paragraph\"><span style=\"white-space: pre-wrap;\">Laid-back riverside city with vibrant Nubian heritage.</span></p><h2 class=\"PlaygroundEditorTheme__h2\"><span style=\"white-space: pre-wrap;\">Why Visit Aswan?</span></h2><ul class=\"PlaygroundEditorTheme__ul\"><li value=\"1\" class=\"PlaygroundEditorTheme__listItem\"><span style=\"white-space: pre-wrap;\">Peaceful felucca sailing</span></li><li value=\"2\" class=\"PlaygroundEditorTheme__listItem\"><span style=\"white-space: pre-wrap;\">Impressive rescued temples</span></li><li value=\"3\" class=\"PlaygroundEditorTheme__listItem\"><span style=\"white-space: pre-wrap;\">Authentic Nubian experiences</span></li><li value=\"4\" class=\"PlaygroundEditorTheme__listItem\"><span style=\"white-space: pre-wrap;\">Gateway to Abu Simbel</span></li></ul><h2 class=\"PlaygroundEditorTheme__h2\"><span style=\"white-space: pre-wrap;\">Top Attractions in Aswan</span></h2><h3 class=\"PlaygroundEditorTheme__h3\"><span style=\"white-space: pre-wrap;\">Philae Temple</span></h3><p class=\"PlaygroundEditorTheme__paragraph\"><span style=\"white-space: pre-wrap;\">Beautiful Isis temple relocated to island.</span></p><h3 class=\"PlaygroundEditorTheme__h3\"><span style=\"white-space: pre-wrap;\">Abu Simbel</span></h3><p class=\"PlaygroundEditorTheme__paragraph\"><span style=\"white-space: pre-wrap;\">Massive rock-cut temples (early morning trip).</span></p><h3 class=\"PlaygroundEditorTheme__h3\"><span style=\"white-space: pre-wrap;\">Felucca Ride</span></h3><p class=\"PlaygroundEditorTheme__paragraph\"><span style=\"white-space: pre-wrap;\">Traditional sailboat at sunset.</span></p><h3 class=\"PlaygroundEditorTheme__h3\"><span style=\"white-space: pre-wrap;\">Nubian Museum</span></h3><p class=\"PlaygroundEditorTheme__paragraph\"><span style=\"white-space: pre-wrap;\">Culture and history of southern Egypt.</span></p><h2 class=\"PlaygroundEditorTheme__h2\"><span style=\"white-space: pre-wrap;\">Culinary Experience</span></h2><ul class=\"PlaygroundEditorTheme__ul\"><li value=\"1\" class=\"PlaygroundEditorTheme__listItem\"><span style=\"white-space: pre-wrap;\">Nubian spices and dishes</span></li><li value=\"2\" class=\"PlaygroundEditorTheme__listItem\"><span style=\"white-space: pre-wrap;\">Fresh fish from the Nile</span></li><li value=\"3\" class=\"PlaygroundEditorTheme__listItem\"><span style=\"white-space: pre-wrap;\">Hibiscus tea and dates</span></li></ul><h2 class=\"PlaygroundEditorTheme__h2\"><span style=\"white-space: pre-wrap;\">Best Time to Visit Aswan</span></h2><p class=\"PlaygroundEditorTheme__paragraph\"><span style=\"white-space: pre-wrap;\">Winter for comfortable exploration.</span></p><h2 class=\"PlaygroundEditorTheme__h2\"><span style=\"white-space: pre-wrap;\">Conclusion</span></h2><p class=\"PlaygroundEditorTheme__paragraph\"><span style=\"white-space: pre-wrap;\">Aswan offers serene beauty and cultural depth.</span></p>','{\"badge\":\"Aswan\",\"title\":\"Explore Aswan\",\"description\":\"\",\"buttonText\":\"Explore\",\"buttonLink\":\"\",\"backgroundColor\":\"#4c1d95\",\"image\":\"https://res.cloudinary.com/dod6izaze/image/upload/v1766225056/GettyImages-465683519_full_aboahj.avif\"}',0x00,'2025-12-20 09:17:40','2025-12-20 10:04:39'),
('post-banff-001','Banff Travel Guide: Heart of the Canadian Rockies','Banff offers turquoise lakes, wildlife, hot springs, and adventure in Canada\'s first national park.','https://wanderthemap.com/wp-content/uploads/2016/06/Canoeing_Moraine_Lake_Banff_National_Park_07.jpg','https://wanderthemap.com/wp-content/uploads/2016/06/Canoeing_Moraine_Lake_Banff_National_Park_07.jpg','banff-ca',1,'Apr 15, 2026','12 min read','banff-travel-guide','<h1>Banff – Rocky Mountain Playground</h1>\r\n  <p>UNESCO site with epic scenery.</p>\r\n\r\n  <h2>Why Visit Banff?</h2>\r\n  <ul>\r\n    <li>Turquoise lakes everywhere</li>\r\n    <li>Wildlife sightings</li>\r\n    <li>Hot springs relaxation</li>\r\n    <li>Adventure activities</li>\r\n  </ul>\r\n\r\n  <h2>Top Attractions in Banff</h2>\r\n\r\n  <h3>Moraine Lake</h3>\r\n  <p>Ten peaks reflection.</p>\r\n\r\n  <h3>Banff Avenue</h3>\r\n  <p>Shopping and dining.</p>\r\n\r\n  <h3>Gondola Ride</h3>\r\n  <p>Summit views.</p>\r\n\r\n  <h2>Culinary Experience</h2>\r\n  <ul>\r\n    <li>Canadian beef and game</li>\r\n    <li>Local craft beer</li>\r\n  </ul>\r\n\r\n  <h2>Best Time to Visit Banff</h2>\r\n  <p>Summer or winter extremes.</p>\r\n\r\n  <h2>Conclusion</h2>\r\n  <p>Banff is nature\'s masterpiece.</p>','{\"title\": \"Explore Banff\", \"image\": \"https://wanderthemap.com/wp-content/uploads/2016/06/Canoeing_Moraine_Lake_Banff_National_Park_07.jpg\", \"link\": \"/travel/banff\"}',0x00,'2025-12-20 09:31:41','2025-12-20 09:31:41'),
('post-bangkok-001','Bangkok Travel Guide: The Vibrant Heart of Thailand','Bangkok is a city of contrasts where ancient temples meet modern skyscrapers, bustling street markets, world-famous nightlife, and unforgettable street food.','https://upload.wikimedia.org/wikipedia/commons/6/6e/Bangkok_skytrain_sunset.jpg','https://res.cloudinary.com/dod6izaze/image/upload/v1766220012/BANGKOK_s2tstl.webp','bangkok-th',1,'Aug 20, 2025',NULL,'bangkok-travel-guide','<h1 class=\"PlaygroundEditorTheme__h1\"><span style=\"white-space: pre-wrap;\">Bangkok – The City That Never Sleeps</span></h1><p class=\"PlaygroundEditorTheme__paragraph\"><span style=\"white-space: pre-wrap;\">Bangkok, the capital of Thailand, is one of Southeast Asia’s most exciting cities. Known for its vibrant street life, rich cultural heritage, and modern lifestyle, Bangkok offers an unforgettable travel experience.</span></p><h2 class=\"PlaygroundEditorTheme__h2\"><span style=\"white-space: pre-wrap;\">Top Attractions</span></h2><h3 class=\"PlaygroundEditorTheme__h3\"><span style=\"white-space: pre-wrap;\">The Grand Palace</span></h3><p class=\"PlaygroundEditorTheme__paragraph\"><span style=\"white-space: pre-wrap;\">The Grand Palace is Bangkok’s most iconic landmark, featuring stunning architecture and the sacred Emerald Buddha.</span></p><h3 class=\"PlaygroundEditorTheme__h3\"><span style=\"white-space: pre-wrap;\">Wat Arun</span></h3><p class=\"PlaygroundEditorTheme__paragraph\"><span style=\"white-space: pre-wrap;\">Also known as the Temple of Dawn, Wat Arun stands majestically along the Chao Phraya River.</span></p><h3 class=\"PlaygroundEditorTheme__h3\"><span style=\"white-space: pre-wrap;\">Floating Markets</span></h3><p class=\"PlaygroundEditorTheme__paragraph\"><span style=\"white-space: pre-wrap;\">Experience traditional Thai culture at floating markets like Damnoen Saduak, where vendors sell food directly from boats.</span></p><h2 class=\"PlaygroundEditorTheme__h2\"><span style=\"white-space: pre-wrap;\">Bangkok Cuisine</span></h2><ul class=\"PlaygroundEditorTheme__ul\"><li value=\"1\" class=\"PlaygroundEditorTheme__listItem\"><span style=\"white-space: pre-wrap;\">Pad Thai</span></li><li value=\"2\" class=\"PlaygroundEditorTheme__listItem\"><span style=\"white-space: pre-wrap;\">Tom Yum Goong</span></li><li value=\"3\" class=\"PlaygroundEditorTheme__listItem\"><span style=\"white-space: pre-wrap;\">Mango Sticky Rice</span></li><li value=\"4\" class=\"PlaygroundEditorTheme__listItem\"><span style=\"white-space: pre-wrap;\">Street food in Chinatown</span></li></ul><h2 class=\"PlaygroundEditorTheme__h2\"><span style=\"white-space: pre-wrap;\">Conclusion</span></h2><p class=\"PlaygroundEditorTheme__paragraph\"><span style=\"white-space: pre-wrap;\">Bangkok is chaotic, colorful, and captivating. It perfectly represents the energy and spirit of Thailand.</span></p>','{\"badge\":\"Bangkok\",\"title\":\"Explore Bangkok\",\"description\":\"\",\"buttonText\":\"Explore\",\"buttonLink\":\"\",\"backgroundColor\":\"#4c1d95\",\"image\":\"https://res.cloudinary.com/dod6izaze/image/upload/v1766220012/top-dia-diem-tham-quan-bangkok-ivivu-15_umkg3r.jpg\"}',0x00,'2025-12-20 06:34:27','2025-12-20 08:40:47'),
('post-barcelona-001','Barcelona Travel Guide: Gaudí\'s Masterpiece City','Barcelona blends stunning architecture, beaches, and vibrant culture – a must-visit in Catalonia.','https://upload.wikimedia.org/wikipedia/commons/4/4f/Barcelona_Panorama.jpg','https://res.cloudinary.com/dod6izaze/image/upload/v1766224887/w-barcelona_kzqxj2.jpg','barcelona-es',1,'Jan 25, 2026',NULL,'barcelona-travel-guide','<h1 class=\"PlaygroundEditorTheme__h1\"><span style=\"white-space: pre-wrap;\">Barcelona – Gaudí\'s Architectural Wonderland</span></h1><p class=\"PlaygroundEditorTheme__paragraph\"><span style=\"white-space: pre-wrap;\">Barcelona captivates with modernist masterpieces, Mediterranean beaches, and lively Catalan spirit.</span></p><h2 class=\"PlaygroundEditorTheme__h2\"><span style=\"white-space: pre-wrap;\">Why Visit Barcelona?</span></h2><ul class=\"PlaygroundEditorTheme__ul\"><li value=\"1\" class=\"PlaygroundEditorTheme__listItem\"><span style=\"white-space: pre-wrap;\">Unique Gaudí architecture and UNESCO sites</span></li><li value=\"2\" class=\"PlaygroundEditorTheme__listItem\"><span style=\"white-space: pre-wrap;\">Beautiful beaches and vibrant nightlife</span></li><li value=\"3\" class=\"PlaygroundEditorTheme__listItem\"><span style=\"white-space: pre-wrap;\">Rich history in Gothic Quarter</span></li><li value=\"4\" class=\"PlaygroundEditorTheme__listItem\"><span style=\"white-space: pre-wrap;\">World-class food from tapas to fresh seafood</span></li></ul><h2 class=\"PlaygroundEditorTheme__h2\"><span style=\"white-space: pre-wrap;\">Top Attractions in Barcelona</span></h2><h3 class=\"PlaygroundEditorTheme__h3\"><span style=\"white-space: pre-wrap;\">Sagrada Família</span></h3><p class=\"PlaygroundEditorTheme__paragraph\"><span style=\"white-space: pre-wrap;\">Gaudí\'s iconic basilica, still under construction – a must-see interior and towers.</span></p><h3 class=\"PlaygroundEditorTheme__h3\"><span style=\"white-space: pre-wrap;\">Park Güell</span></h3><p class=\"PlaygroundEditorTheme__paragraph\"><span style=\"white-space: pre-wrap;\">Whimsical park with mosaic terraces and city views.</span></p><h3 class=\"PlaygroundEditorTheme__h3\"><span style=\"white-space: pre-wrap;\">Casa Batlló &amp; La Pedrera</span></h3><p class=\"PlaygroundEditorTheme__paragraph\"><span style=\"white-space: pre-wrap;\">Stunning modernist houses on Passeig de Gràcia.</span></p><h3 class=\"PlaygroundEditorTheme__h3\"><span style=\"white-space: pre-wrap;\">Gothic Quarter</span></h3><p class=\"PlaygroundEditorTheme__paragraph\"><span style=\"white-space: pre-wrap;\">Medieval streets, Barcelona Cathedral, and hidden squares.</span></p><h3 class=\"PlaygroundEditorTheme__h3\"><span style=\"white-space: pre-wrap;\">La Boqueria Market</span></h3><p class=\"PlaygroundEditorTheme__paragraph\"><span style=\"white-space: pre-wrap;\">Vibrant food market on La Rambla for fresh produce and tapas.</span></p><h2 class=\"PlaygroundEditorTheme__h2\"><span style=\"white-space: pre-wrap;\">Culinary Experience</span></h2><ul class=\"PlaygroundEditorTheme__ul\"><li value=\"1\" class=\"PlaygroundEditorTheme__listItem\"><span style=\"white-space: pre-wrap;\">Paella and fresh seafood</span></li><li value=\"2\" class=\"PlaygroundEditorTheme__listItem\"><span style=\"white-space: pre-wrap;\">Tapas hopping in El Born</span></li><li value=\"3\" class=\"PlaygroundEditorTheme__listItem\"><span style=\"white-space: pre-wrap;\">Cava and vermouth</span></li><li value=\"4\" class=\"PlaygroundEditorTheme__listItem\"><span style=\"white-space: pre-wrap;\">Churros con chocolate</span></li></ul><h2 class=\"PlaygroundEditorTheme__h2\"><span style=\"white-space: pre-wrap;\">Best Time to Visit Barcelona</span></h2><p class=\"PlaygroundEditorTheme__paragraph\"><span style=\"white-space: pre-wrap;\">Spring or autumn for pleasant weather and fewer tourists.</span></p><h2 class=\"PlaygroundEditorTheme__h2\"><span style=\"white-space: pre-wrap;\">Conclusion</span></h2><p class=\"PlaygroundEditorTheme__paragraph\"><span style=\"white-space: pre-wrap;\">Barcelona offers endless inspiration – from Gaudí\'s dreams to beach relaxation.</span></p>','{\"badge\":\"Barcelona\",\"title\":\"Explore Barcelona\",\"description\":\"\",\"buttonText\":\"Explore\",\"buttonLink\":\"\",\"backgroundColor\":\"#4c1d95\",\"image\":\"https://res.cloudinary.com/dod6izaze/image/upload/v1766224888/park-guell-barcelona-s-305364611_oivnsv.avif\"}',0x00,'2025-12-20 09:09:24','2025-12-20 10:01:48'),
('post-beijing-001','Beijing Travel Guide: The Great Wall and Imperial China','Beijing is the historic heart of China, home to imperial palaces, ancient temples, and the legendary Great Wall.','https://upload.wikimedia.org/wikipedia/commons/6/6f/GreatWallBadaling.jpg','https://res.cloudinary.com/dod6izaze/image/upload/v1766219519/istockphoto-482334184-612x612_ctssyb.jpg','beijing-cn',1,'Aug 25, 2025',NULL,'beijing-great-wall-travel-guide','<h1 class=\"PlaygroundEditorTheme__h1\"><span style=\"white-space: pre-wrap;\">Beijing – The Imperial Capital of China</span></h1><p class=\"PlaygroundEditorTheme__paragraph\"><span style=\"white-space: pre-wrap;\">Beijing is one of the world’s most historic capitals, serving as the political and cultural center of China for over 800 years. The city is famous for grand imperial architecture and timeless traditions.</span></p><h2 class=\"PlaygroundEditorTheme__h2\"><span style=\"white-space: pre-wrap;\">The Great Wall of China</span></h2><p class=\"PlaygroundEditorTheme__paragraph\"><span style=\"white-space: pre-wrap;\">The Great Wall is the most iconic landmark in China. Stretching thousands of kilometers, it symbolizes Chinese strength, history, and architectural brilliance.</span></p><h2 class=\"PlaygroundEditorTheme__h2\"><span style=\"white-space: pre-wrap;\">Top Attractions</span></h2><h3 class=\"PlaygroundEditorTheme__h3\"><span style=\"white-space: pre-wrap;\">Forbidden City</span></h3><p class=\"PlaygroundEditorTheme__paragraph\"><span style=\"white-space: pre-wrap;\">Once home to emperors of the Ming and Qing dynasties, the Forbidden City is the world’s largest palace complex.</span></p><h3 class=\"PlaygroundEditorTheme__h3\"><span style=\"white-space: pre-wrap;\">Temple of Heaven</span></h3><p class=\"PlaygroundEditorTheme__paragraph\"><span style=\"white-space: pre-wrap;\">A masterpiece of ancient architecture where emperors prayed for good harvests.</span></p><h3 class=\"PlaygroundEditorTheme__h3\"><span style=\"white-space: pre-wrap;\">Tiananmen Square</span></h3><p class=\"PlaygroundEditorTheme__paragraph\"><span style=\"white-space: pre-wrap;\">One of the largest public squares in the world and a symbol of modern China.</span></p><h2 class=\"PlaygroundEditorTheme__h2\"><span style=\"white-space: pre-wrap;\">Beijing Cuisine</span></h2><ul class=\"PlaygroundEditorTheme__ul\"><li value=\"1\" class=\"PlaygroundEditorTheme__listItem\"><span style=\"white-space: pre-wrap;\">Peking Duck</span></li><li value=\"2\" class=\"PlaygroundEditorTheme__listItem\"><span style=\"white-space: pre-wrap;\">Zhajiangmian noodles</span></li><li value=\"3\" class=\"PlaygroundEditorTheme__listItem\"><span style=\"white-space: pre-wrap;\">Traditional dumplings</span></li></ul><h2 class=\"PlaygroundEditorTheme__h2\"><span style=\"white-space: pre-wrap;\">Conclusion</span></h2><p class=\"PlaygroundEditorTheme__paragraph\"><span style=\"white-space: pre-wrap;\">Beijing offers a powerful journey through China’s imperial past and vibrant present.</span></p>',NULL,0x00,'2025-12-20 06:35:29','2025-12-20 08:32:15'),
('post-berlin-001','Berlin Travel Guide: History, Art, and Endless Energy','Berlin thrives as a dynamic city of reinvention, street art, history, and nightlife.','https://media.istockphoto.com/id/494161874/photo/berlin-brandenburg-gate-at-night.jpg?s=612x612&w=0&k=20&c=qgaiSejEWHBV2KpZCi4iUvWUepW5SEWM8RpCj2emMDY=','https://media.istockphoto.com/id/494161874/photo/berlin-brandenburg-gate-at-night.jpg?s=612x612&w=0&k=20&c=qgaiSejEWHBV2KpZCi4iUvWUepW5SEWM8RpCj2emMDY=','berlin-de',1,'Feb 11, 2026','13 min read','berlin-travel-guide','<h1>Berlin – Creative Capital of Europe</h1>\r\n  <p>From Cold War scars to vibrant modern culture, Berlin never stops evolving.</p>\r\n\r\n  <h2>Why Visit Berlin?</h2>\r\n  <ul>\r\n    <li>Rich history and powerful memorials</li>\r\n    <li>World-class museums and street art</li>\r\n    <li>Legendary nightlife and clubs</li>\r\n    <li>Diverse food scene and beer gardens</li>\r\n  </ul>\r\n\r\n  <h2>Top Attractions in Berlin</h2>\r\n\r\n  <h3>Brandenburg Gate</h3>\r\n  <p>Symbol of German reunification.</p>\r\n\r\n  <h3>Reichstag Building</h3>\r\n  <p>Free dome visit with panoramic views (book ahead).</p>\r\n\r\n  <h3>East Side Gallery</h3>\r\n  <p>Longest remaining Berlin Wall section covered in murals.</p>\r\n\r\n  <h3>Museum Island</h3>\r\n  <p>Five world-class museums on a UNESCO site.</p>\r\n\r\n  <h3>Holocaust Memorial</h3>\r\n  <p>Moving tribute near Brandenburg Gate.</p>\r\n\r\n  <h2>Culinary Experience</h2>\r\n  <ul>\r\n    <li>Currywurst and döner kebab</li>\r\n    <li>Craft beer and rooftop bars</li>\r\n    <li>International street food markets</li>\r\n  </ul>\r\n\r\n  <h2>Best Time to Visit Berlin</h2>\r\n  <p>Summer for festivals or Christmas markets in winter.</p>\r\n\r\n  <h2>Conclusion</h2>\r\n  <p>Berlin is raw, creative, and welcoming – a city that inspires.</p>','{\"title\": \"Explore Berlin\", \"image\": \"https://media.istockphoto.com/id/494161874/photo/berlin-brandenburg-gate-at-night.jpg?s=612x612&w=0&k=20&c=qgaiSejEWHBV2KpZCi4iUvWUepW5SEWM8RpCj2emMDY=\", \"link\": \"/travel/berlin\"}',0x00,'2025-12-20 09:11:08','2025-12-20 09:11:08'),
('post-bordeaux-001','Bordeaux Travel Guide: France’s Elegant Wine Capital','Bordeaux is world-famous for its prestigious wines, stunning 18th-century architecture, and UNESCO-listed historic center along the Garonne River.','https://upload.wikimedia.org/wikipedia/commons/7/7e/Bordeaux%2C_France._-_panoramio.jpg','https://res.cloudinary.com/dod6izaze/image/upload/v1766223606/bordeaux-place-de-la-bourse-hd_gvk3tz.jpg','bordeaux-fr',1,'Sep 17, 2025',NULL,'bordeaux-travel-guide','<h1 class=\"PlaygroundEditorTheme__h1\"><span style=\"white-space: pre-wrap;\">Bordeaux – France’s Wine Capital and Architectural Gem</span></h1><p class=\"PlaygroundEditorTheme__paragraph\"><span style=\"white-space: pre-wrap;\">Bordeaux, situated on the Garonne River, is celebrated globally for its wine heritage and elegant neoclassical architecture. Much of the city center is a UNESCO World Heritage site, showcasing beautifully preserved 18th-century buildings.</span></p><h2 class=\"PlaygroundEditorTheme__h2\"><span style=\"white-space: pre-wrap;\">Why Visit Bordeaux?</span></h2><ul class=\"PlaygroundEditorTheme__ul\"><li value=\"1\" class=\"PlaygroundEditorTheme__listItem\"><span style=\"white-space: pre-wrap;\">Heart of the world’s most famous wine region</span></li><li value=\"2\" class=\"PlaygroundEditorTheme__listItem\"><span style=\"white-space: pre-wrap;\">Magnificent UNESCO-listed historic center</span></li><li value=\"3\" class=\"PlaygroundEditorTheme__listItem\"><span style=\"white-space: pre-wrap;\">Beautiful riverfront and pedestrian-friendly streets</span></li><li value=\"4\" class=\"PlaygroundEditorTheme__listItem\"><span style=\"white-space: pre-wrap;\">Rich blend of culture, gastronomy, and history</span></li></ul><h2 class=\"PlaygroundEditorTheme__h2\"><span style=\"white-space: pre-wrap;\">Top Attractions in Bordeaux</span></h2><h3 class=\"PlaygroundEditorTheme__h3\"><span style=\"white-space: pre-wrap;\">Place de la Bourse</span></h3><p class=\"PlaygroundEditorTheme__paragraph\"><span style=\"white-space: pre-wrap;\">Iconic 18th-century square with the famous Miroir d’Eau (water mirror) creating stunning reflections.</span></p><h3 class=\"PlaygroundEditorTheme__h3\"><span style=\"white-space: pre-wrap;\">Cathédrale Saint-André</span></h3><p class=\"PlaygroundEditorTheme__paragraph\"><span style=\"white-space: pre-wrap;\">A grand Gothic cathedral with the separate Pey-Berland Tower offering panoramic city views.</span></p><h3 class=\"PlaygroundEditorTheme__h3\"><span style=\"white-space: pre-wrap;\">Place des Quinconces</span></h3><p class=\"PlaygroundEditorTheme__paragraph\"><span style=\"white-space: pre-wrap;\">One of Europe’s largest public squares, featuring monumental fountains and statues.</span></p><h3 class=\"PlaygroundEditorTheme__h3\"><span style=\"white-space: pre-wrap;\">Cité du Vin</span></h3><p class=\"PlaygroundEditorTheme__paragraph\"><span style=\"white-space: pre-wrap;\">A striking modern museum dedicated to the history and culture of wine, with tastings and exhibitions.</span></p><h3 class=\"PlaygroundEditorTheme__h3\"><span style=\"white-space: pre-wrap;\">Basilique Saint-Michel</span></h3><p class=\"PlaygroundEditorTheme__paragraph\"><span style=\"white-space: pre-wrap;\">Flamboyant Gothic basilica with a tall bell tower providing excellent viewpoints.</span></p><h3 class=\"PlaygroundEditorTheme__h3\"><span style=\"white-space: pre-wrap;\">Jardin Public</span></h3><p class=\"PlaygroundEditorTheme__paragraph\"><span style=\"white-space: pre-wrap;\">A lovely urban park with manicured gardens, a lake, and peaceful walking paths.</span></p><h2 class=\"PlaygroundEditorTheme__h2\"><span style=\"white-space: pre-wrap;\">Culinary Experience</span></h2><ul class=\"PlaygroundEditorTheme__ul\"><li value=\"1\" class=\"PlaygroundEditorTheme__listItem\"><span style=\"white-space: pre-wrap;\">Exceptional Bordeaux red wines and vineyard tours</span></li><li value=\"2\" class=\"PlaygroundEditorTheme__listItem\"><span style=\"white-space: pre-wrap;\">Entrecôte à la Bordelaise (steak in wine sauce)</span></li><li value=\"3\" class=\"PlaygroundEditorTheme__listItem\"><span style=\"white-space: pre-wrap;\">Canelés – caramelized custard pastries</span></li><li value=\"4\" class=\"PlaygroundEditorTheme__listItem\"><span style=\"white-space: pre-wrap;\">Fresh oysters from nearby Arcachon Bay</span></li></ul><h2 class=\"PlaygroundEditorTheme__h2\"><span style=\"white-space: pre-wrap;\">Best Time to Visit Bordeaux</span></h2><p class=\"PlaygroundEditorTheme__paragraph\"><span style=\"white-space: pre-wrap;\">Spring (April–June) and early autumn (September–October) are ideal for pleasant weather; September coincides with the grape harvest season.</span></p><h2 class=\"PlaygroundEditorTheme__h2\"><span style=\"white-space: pre-wrap;\">Conclusion</span></h2><p class=\"PlaygroundEditorTheme__paragraph\"><span style=\"white-space: pre-wrap;\">Bordeaux elegantly combines sophistication, history, and world-class wine culture, making it a perfect destination for food, wine, and architecture lovers.</span></p>','{\"badge\":\"Bordeaux\",\"title\":\"Discover Bordeaux\",\"description\":\"\",\"buttonText\":\"Discover\",\"buttonLink\":\"\",\"backgroundColor\":\"#4c1d95\",\"image\":\"https://res.cloudinary.com/dod6izaze/image/upload/v1766223607/BORDEAUX_PORTE_CAILHAUT_PRINTEMPS_ISTOCK_MARLOGUTL_94086bda5b_fblut3.webp\"}',0x00,'2025-12-20 09:05:48','2025-12-20 09:40:35'),
('post-cairo-001','Cairo Travel Guide: Ancient Wonders Meet Modern Chaos','Cairo pulses with history, from the Pyramids to bustling souks and Nile views.','https://media.cntraveler.com/photos/655cdf1d2d09a7e0b27741b5/16:9/w_2560%2Cc_limit/Cairo%2520Egypt_GettyImages-1370918272.jpg','https://media.cntraveler.com/photos/655cdf1d2d09a7e0b27741b5/16:9/w_2560%2Cc_limit/Cairo%2520Egypt_GettyImages-1370918272.jpg','cairo-eg',1,'Jan 09, 2026','12 min read','cairo-travel-guide','<h1>Cairo – Eternal City of Pharaohs</h1>\r\n  <p>Chaotic, captivating, and steeped in millennia of history.</p>\r\n\r\n  <h2>Why Visit Cairo?</h2>\r\n  <ul>\r\n    <li>Only remaining Ancient Wonder nearby</li>\r\n    <li>Vibrant markets and street food</li>\r\n    <li>Rich Islamic architecture</li>\r\n    <li>Nile River experiences</li>\r\n  </ul>\r\n\r\n  <h2>Top Attractions in Cairo</h2>\r\n\r\n  <h3>Giza Pyramids & Sphinx</h3>\r\n  <p>Iconic monuments with camel rides and sound & light show.</p>\r\n\r\n  <h3>Egyptian Museum</h3>\r\n  <p>Tutankhamun\'s mask and thousands of artifacts.</p>\r\n\r\n  <h3>Khan el-Khalili</h3>\r\n  <p>Historic bazaar for spices, jewelry, and tea.</p>\r\n\r\n  <h3>Citadel & Mohamed Ali Mosque</h3>\r\n  <p>Panoramic views over the city.</p>\r\n\r\n  <h2>Culinary Experience</h2>\r\n  <ul>\r\n    <li>Koshari and ful medames</li>\r\n    <li>Falafel (ta\'ameya) and shawarma</li>\r\n    <li>Fresh juices and Egyptian tea</li>\r\n  </ul>\r\n\r\n  <h2>Best Time to Visit Cairo</h2>\r\n  <p>Winter months for comfortable temperatures.</p>\r\n\r\n  <h2>Conclusion</h2>\r\n  <p>Cairo overwhelms the senses but rewards with unforgettable memories.</p>','{\"title\": \"Explore Cairo\", \"image\": \"https://media.cntraveler.com/photos/655cdf1d2d09a7e0b27741b5/16:9/w_2560%2Cc_limit/Cairo%2520Egypt_GettyImages-1370918272.jpg\", \"link\": \"/travel/cairo\"}',0x00,'2025-12-20 09:17:17','2025-12-20 09:17:17'),
('post-cancun-001','Cancun Travel Guide: Caribbean Beach Paradise','Cancun delivers all-inclusive resorts, turquoise seas, nightlife, and Mayan ruins access.','https://www.traveloffpath.com/wp-content/uploads/2024/07/White-Sand-Aqua-Blue-Seas_-Cancun-Beaches-Crowned-Best-In-Mexico.jpg','https://www.traveloffpath.com/wp-content/uploads/2024/07/White-Sand-Aqua-Blue-Seas_-Cancun-Beaches-Crowned-Best-In-Mexico.jpg','cancun-mx',1,'Apr 27, 2026','11 min read','cancun-travel-guide','<h1>Cancun – Riviera Maya Gateway</h1>\r\n  <p>White sands and vibrant energy.</p>\r\n\r\n  <h2>Why Visit Cancun?</h2>\r\n  <ul>\r\n    <li>Perfect Caribbean beaches</li>\r\n    <li>All-inclusive luxury</li>\r\n    <li>Water activities</li>\r\n    <li>Ruins day trips</li>\r\n  </ul>\r\n\r\n  <h2>Top Attractions in Cancun</h2>\r\n\r\n  <h3>Hotel Zone</h3>\r\n  <p>Beachfront resorts.</p>\r\n\r\n  <h3>Underwater Museum</h3>\r\n  <p>Snorkel sculptures.</p>\r\n\r\n  <h2>Culinary Experience</h2>\r\n  <ul>\r\n    <li>Fresh ceviche</li>\r\n    <li>Tacos al pastor</li>\r\n    <li>Margaritas</li>\r\n  </ul>\r\n\r\n  <h2>Best Time to Visit Cancun</h2>\r\n  <p>Dry season.</p>\r\n\r\n  <h2>Conclusion</h2>\r\n  <p>Cancun is ultimate relaxation.</p>','{\"title\": \"Explore Cancun\", \"image\": \"https://www.traveloffpath.com/wp-content/uploads/2024/07/White-Sand-Aqua-Blue-Seas_-Cancun-Beaches-Crowned-Best-In-Mexico.jpg\", \"link\": \"/travel/cancun\"}',0x00,'2025-12-20 09:32:03','2025-12-20 09:32:03'),
('post-casablanca-001','Casablanca Travel Guide: Modern Morocco by the Sea','Casablanca mixes contemporary architecture, Art Deco charm, and the iconic Hassan II Mosque.','https://dynamic-media-cdn.tripadvisor.com/media/photo-o/05/4d/c3/07/ii.jpg?w=900&h=500&s=1','https://dynamic-media-cdn.tripadvisor.com/media/photo-o/05/4d/c3/07/ii.jpg?w=900&h=500&s=1','casablanca-ma',1,'Feb 11, 2026','10 min read','casablanca-travel-guide','<h1>Casablanca – Morocco\'s Cosmopolitan Coast</h1>\r\n  <p>Modern business hub with cinematic legacy and grand mosque.</p>\r\n\r\n  <h2>Why Visit Casablanca?</h2>\r\n  <ul>\r\n    <li>Magnificent Hassan II Mosque</li>\r\n    <li>Atlantic beaches and nightlife</li>\r\n    <li>Art Deco architecture</li>\r\n    <li>Blend of tradition and modernity</li>\r\n  </ul>\r\n\r\n  <h2>Top Attractions in Casablanca</h2>\r\n\r\n  <h3>Hassan II Mosque</h3>\r\n  <p>Stunning over-water mosque open to non-Muslims.</p>\r\n\r\n  <h3>Corniche</h3>\r\n  <p>Seaside promenade with cafes and pools.</p>\r\n\r\n  <h3>Old Medina</h3>\r\n  <p>Authentic markets and street food.</p>\r\n\r\n  <h2>Culinary Experience</h2>\r\n  <ul>\r\n    <li>Fresh seafood</li>\r\n    <li>Pastilla and Moroccan salads</li>\r\n    <li>French-inspired pastries</li>\r\n  </ul>\r\n\r\n  <h2>Best Time to Visit Casablanca</h2>\r\n  <p>Spring or fall for pleasant sea breezes.</p>\r\n\r\n  <h2>Conclusion</h2>\r\n  <p>Casablanca surprises with elegance and energy.</p>','{\"title\": \"Explore Casablanca\", \"image\": \"https://dynamic-media-cdn.tripadvisor.com/media/photo-o/05/4d/c3/07/ii.jpg?w=900&h=500&s=1\", \"link\": \"/travel/casablanca\"}',0x00,'2025-12-20 09:19:33','2025-12-20 09:19:33'),
('post-chefchaouen-001','Chefchaouen Travel Guide: Morocco\'s Enchanting Blue Pearl','Chefchaouen dazzles with indigo-washed streets, mountain views, and relaxed Rif vibe.','https://traveladdicts.net/wp-content/uploads/2018/05/Chefchaouen-Morocco-shops-rugs.jpg.webp','https://traveladdicts.net/wp-content/uploads/2018/05/Chefchaouen-Morocco-shops-rugs.jpg.webp','chefchaouen-ma',1,'Feb 17, 2026','10 min read','chefchaouen-travel-guide','<h1>Chefchaouen – Morocco\'s Blue Dream</h1>\r\n  <p>Peaceful mountain town painted in shades of blue.</p>\r\n\r\n  <h2>Why Visit Chefchaouen?</h2>\r\n  <ul>\r\n    <li>Instagram-famous blue streets</li>\r\n    <li>Relaxed atmosphere</li>\r\n    <li>Hiking in Rif Mountains</li>\r\n    <li>Local cheese and crafts</li>\r\n  </ul>\r\n\r\n  <h2>Top Attractions in Chefchaouen</h2>\r\n\r\n  <h3>Blue Medina</h3>\r\n  <p>Wander painted alleys and doors.</p>\r\n\r\n  <h3>Spanish Mosque</h3>\r\n  <p>Short hike for panoramic sunset.</p>\r\n\r\n  <h3>Ras el-Maa</h3>\r\n  <p>Waterfall and local laundry spot.</p>\r\n\r\n  <h2>Culinary Experience</h2>\r\n  <ul>\r\n    <li>Goat cheese and honey</li>\r\n    <li>Tagine with local olives</li>\r\n  </ul>\r\n\r\n  <h2>Best Time to Visit Chefchaouen</h2>\r\n  <p>Spring or autumn.</p>\r\n\r\n  <h2>Conclusion</h2>\r\n  <p>Chefchaouen is serene and photogenic bliss.</p>','{\"title\": \"Explore Chefchaouen\", \"image\": \"https://traveladdicts.net/wp-content/uploads/2018/05/Chefchaouen-Morocco-shops-rugs.jpg.webp\", \"link\": \"/travel/chefchaouen\"}',0x00,'2025-12-20 09:19:52','2025-12-20 09:19:52'),
('post-chengdu-001','Chengdu Travel Guide: Pandas and Spicy Sichuan Culture','Chengdu is famous for giant pandas, relaxed lifestyle, and bold Sichuan cuisine.','https://upload.wikimedia.org/wikipedia/commons/0/0f/Giant_Panda_Chengdu.jpg','https://res.cloudinary.com/dod6izaze/image/upload/v1766217014/Chengdu_China_GettyImages-510901343_mygkcn.webp','chengdu-cn',1,'Aug 29, 2025',NULL,'chengdu-travel-guide','<h1 class=\"PlaygroundEditorTheme__h1\"><span style=\"white-space: pre-wrap;\">Chengdu – City of Pandas and Hotpot</span></h1><p class=\"PlaygroundEditorTheme__paragraph\"><span style=\"white-space: pre-wrap;\">Chengdu is the capital of Sichuan Province and one of China’s most relaxed and livable cities.</span></p><h2 class=\"PlaygroundEditorTheme__h2\"><span style=\"white-space: pre-wrap;\">Giant Panda Base</span></h2><p class=\"PlaygroundEditorTheme__paragraph\"><span style=\"white-space: pre-wrap;\">The Chengdu Research Base is the best place in the world to see giant pandas up close.</span></p><h2 class=\"PlaygroundEditorTheme__h2\"><span style=\"white-space: pre-wrap;\">Sichuan Cuisine</span></h2><ul class=\"PlaygroundEditorTheme__ul\"><li value=\"1\" class=\"PlaygroundEditorTheme__listItem\"><span style=\"white-space: pre-wrap;\">Hotpot</span></li><li value=\"2\" class=\"PlaygroundEditorTheme__listItem\"><span style=\"white-space: pre-wrap;\">Mapo Tofu</span></li><li value=\"3\" class=\"PlaygroundEditorTheme__listItem\"><span style=\"white-space: pre-wrap;\">Kung Pao Chicken</span></li></ul><h2 class=\"PlaygroundEditorTheme__h2\"><span style=\"white-space: pre-wrap;\">Conclusion</span></h2><p class=\"PlaygroundEditorTheme__paragraph\"><span style=\"white-space: pre-wrap;\">Chengdu combines wildlife, food, and culture into a uniquely enjoyable experience.</span></p>','{\"badge\":\"Chengdu\",\"title\":\"Visit Chengdu\",\"description\":\"\",\"buttonText\":\"Explore\",\"buttonLink\":\"\",\"backgroundColor\":\"#4c1d95\",\"image\":\"https://res.cloudinary.com/dod6izaze/image/upload/v1766217014/chengdu-anshun-bridge_styx1r.avif\"}',0x00,'2025-12-20 06:36:42','2025-12-20 07:50:42'),
('post-chiangmai-001','Chiang Mai Travel Guide: Culture, Temples, and Mountains','Chiang Mai is known for ancient temples, peaceful atmosphere, mountain scenery, and authentic northern Thai culture.','https://upload.wikimedia.org/wikipedia/commons/4/4c/Wat_Phra_That_Doi_Suthep.jpg','https://res.cloudinary.com/dod6izaze/image/upload/v1766219872/cswglxpstphljdourpfu_jwybs6.jpg','chiangmai-th',1,'Aug 22, 2025',NULL,'chiang-mai-travel-guide','<h1 class=\"PlaygroundEditorTheme__h1\"><span style=\"white-space: pre-wrap;\">Chiang Mai – The Cultural Capital of Northern Thailand</span></h1><p class=\"PlaygroundEditorTheme__paragraph\"><span style=\"white-space: pre-wrap;\">Chiang Mai offers a slower pace of life, surrounded by mountains and rich traditions.</span></p><h2 class=\"PlaygroundEditorTheme__h2\"><span style=\"white-space: pre-wrap;\">Top Attractions</span></h2><ul class=\"PlaygroundEditorTheme__ul\"><li value=\"1\" class=\"PlaygroundEditorTheme__listItem\"><span style=\"white-space: pre-wrap;\">Doi Suthep Temple</span></li><li value=\"2\" class=\"PlaygroundEditorTheme__listItem\"><span style=\"white-space: pre-wrap;\">Old City Temples</span></li><li value=\"3\" class=\"PlaygroundEditorTheme__listItem\"><span style=\"white-space: pre-wrap;\">Night Bazaar</span></li><li value=\"4\" class=\"PlaygroundEditorTheme__listItem\"><span style=\"white-space: pre-wrap;\">Elephant Sanctuaries</span></li></ul><h2 class=\"PlaygroundEditorTheme__h2\"><span style=\"white-space: pre-wrap;\">Conclusion</span></h2><p class=\"PlaygroundEditorTheme__paragraph\"><span style=\"white-space: pre-wrap;\">Chiang Mai is ideal for travelers seeking culture, nature, and tranquility.</span></p>','{\"badge\":\"Chiang Mai\",\"title\":\"Discover Chiang Mai\",\"description\":\"\",\"buttonText\":\"Discover\",\"buttonLink\":\"\",\"backgroundColor\":\"#4c1d95\",\"image\":\"https://res.cloudinary.com/dod6izaze/image/upload/v1766219871/chiang-mai-3_662b414dd6654ae5972edf4d49b76757_1024x1024_j28wqq.jpg\"}',0x00,'2025-12-20 06:34:38','2025-12-20 08:38:16'),
('post-danang-001','Da Nang Travel Guide: Vietnam’s Most Livable Coastal City','Da Nang is a modern coastal city known for stunning beaches, iconic bridges, nearby mountains, and a perfect balance between nature, culture, and urban life.','https://upload.wikimedia.org/wikipedia/commons/8/87/Da_Nang_cityscape.jpg','https://res.cloudinary.com/dod6izaze/image/upload/v1766220477/0328-0214_da-nang-xlarge_kpq8kv.webp','danang-vn',1,'Aug 11, 2025',NULL,'da-nang-travel-guide','<h1 class=\"PlaygroundEditorTheme__h1\"><span style=\"white-space: pre-wrap;\">Da Nang – The Coastal Gem of Central Vietnam</span></h1><p class=\"PlaygroundEditorTheme__paragraph\"><span style=\"white-space: pre-wrap;\">Da Nang is one of Vietnam’s most dynamic cities, perfectly located between Hanoi and Ho Chi Minh City. With its beautiful coastline, modern infrastructure, and nearby heritage sites, Da Nang is often considered the </span><b><strong class=\"PlaygroundEditorTheme__textBold\" style=\"white-space: pre-wrap;\">most livable city in Vietnam</strong></b><span style=\"white-space: pre-wrap;\">.</span></p><h2 class=\"PlaygroundEditorTheme__h2\"><span style=\"white-space: pre-wrap;\">Why Visit Da Nang?</span></h2><p class=\"PlaygroundEditorTheme__paragraph\"><span style=\"white-space: pre-wrap;\">Da Nang offers the best of both worlds: vibrant city life and easy access to nature. Visitors can enjoy beaches in the morning and explore mountains or ancient towns in the afternoon.</span></p><ul class=\"PlaygroundEditorTheme__ul\"><li value=\"1\" class=\"PlaygroundEditorTheme__listItem\"><span style=\"white-space: pre-wrap;\">Long stretches of white-sand beaches</span></li><li value=\"2\" class=\"PlaygroundEditorTheme__listItem\"><span style=\"white-space: pre-wrap;\">Iconic bridges and modern skyline</span></li><li value=\"3\" class=\"PlaygroundEditorTheme__listItem\"><span style=\"white-space: pre-wrap;\">Close to Hoi An and Hue</span></li><li value=\"4\" class=\"PlaygroundEditorTheme__listItem\"><span style=\"white-space: pre-wrap;\">Friendly locals and clean environment</span></li></ul><h2 class=\"PlaygroundEditorTheme__h2\"><span style=\"white-space: pre-wrap;\">Top Attractions in Da Nang</span></h2><h3 class=\"PlaygroundEditorTheme__h3\"><span style=\"white-space: pre-wrap;\">1. My Khe Beach</span></h3><p class=\"PlaygroundEditorTheme__paragraph\"><span style=\"white-space: pre-wrap;\">My Khe Beach is famous for its soft sand and clear water. It is ideal for swimming, sunbathing, and water sports, and was once listed among the world’s most beautiful beaches.</span></p><h3 class=\"PlaygroundEditorTheme__h3\"><span style=\"white-space: pre-wrap;\">2. Golden Bridge (Ba Na Hills)</span></h3><p class=\"PlaygroundEditorTheme__paragraph\"><span style=\"white-space: pre-wrap;\">The Golden Bridge, held by two giant stone hands, is one of Vietnam’s most iconic landmarks. Located in Ba Na Hills, it offers breathtaking views above the clouds.</span></p><h3 class=\"PlaygroundEditorTheme__h3\"><span style=\"white-space: pre-wrap;\">3. Marble Mountains</span></h3><p class=\"PlaygroundEditorTheme__paragraph\"><span style=\"white-space: pre-wrap;\">A cluster of five limestone hills, the Marble Mountains feature caves, pagodas, and panoramic viewpoints over the city and sea.</span></p><h3 class=\"PlaygroundEditorTheme__h3\"><span style=\"white-space: pre-wrap;\">4. Dragon Bridge</span></h3><p class=\"PlaygroundEditorTheme__paragraph\"><span style=\"white-space: pre-wrap;\">Dragon Bridge is a symbol of Da Nang. Every weekend night, the bridge breathes fire and water, attracting crowds of locals and tourists.</span></p><h3 class=\"PlaygroundEditorTheme__h3\"><span style=\"white-space: pre-wrap;\">5. Son Tra Peninsula</span></h3><p class=\"PlaygroundEditorTheme__paragraph\"><span style=\"white-space: pre-wrap;\">Known as the “green lung” of Da Nang, Son Tra Peninsula is home to lush forests, scenic roads, and the impressive Linh Ung Pagoda with a giant Lady Buddha statue.</span></p><h2 class=\"PlaygroundEditorTheme__h2\"><span style=\"white-space: pre-wrap;\">Da Nang Cuisine</span></h2><ul class=\"PlaygroundEditorTheme__ul\"><li value=\"1\" class=\"PlaygroundEditorTheme__listItem\"><b><strong class=\"PlaygroundEditorTheme__textBold\" style=\"white-space: pre-wrap;\">Mi Quang</strong></b><span style=\"white-space: pre-wrap;\"> – Turmeric noodles with pork or shrimp</span></li><li value=\"2\" class=\"PlaygroundEditorTheme__listItem\"><b><strong class=\"PlaygroundEditorTheme__textBold\" style=\"white-space: pre-wrap;\">Banh Xeo</strong></b><span style=\"white-space: pre-wrap;\"> – Crispy Vietnamese pancakes</span></li><li value=\"3\" class=\"PlaygroundEditorTheme__listItem\"><b><strong class=\"PlaygroundEditorTheme__textBold\" style=\"white-space: pre-wrap;\">Seafood</strong></b><span style=\"white-space: pre-wrap;\"> – Freshly caught and affordable</span></li><li value=\"4\" class=\"PlaygroundEditorTheme__listItem\"><b><strong class=\"PlaygroundEditorTheme__textBold\" style=\"white-space: pre-wrap;\">Bun Cha Ca</strong></b><span style=\"white-space: pre-wrap;\"> – Fish cake noodle soup</span></li></ul><h2 class=\"PlaygroundEditorTheme__h2\"><span style=\"white-space: pre-wrap;\">Best Time to Visit Da Nang</span></h2><p class=\"PlaygroundEditorTheme__paragraph\"><span style=\"white-space: pre-wrap;\">The best time to visit Da Nang is from </span><b><strong class=\"PlaygroundEditorTheme__textBold\" style=\"white-space: pre-wrap;\">March to August</strong></b><span style=\"white-space: pre-wrap;\">, when the weather is sunny and perfect for beach activities.</span></p><h2 class=\"PlaygroundEditorTheme__h2\"><span style=\"white-space: pre-wrap;\">Conclusion</span></h2><p class=\"PlaygroundEditorTheme__paragraph\"><span style=\"white-space: pre-wrap;\">Da Nang is a city that effortlessly blends modern living with natural beauty. Whether you seek relaxation, adventure, or cultural exploration, Da Nang delivers a complete travel experience.</span></p>','{\"badge\":\"Da Nang\",\"title\":\"Discover Da Nang\",\"description\":\"\",\"buttonText\":\"Discover \",\"buttonLink\":\"\",\"backgroundColor\":\"#4c1d95\",\"image\":\"https://res.cloudinary.com/dod6izaze/image/upload/v1766220476/Weather-in-Da-Nang_1737535525_nhosyj.jpg\"}',0x00,'2025-12-20 06:13:47','2025-12-20 08:48:20'),
('post-dar-es-salaam-001','Dar es Salaam Travel Guide: Tanzania\'s Bustling Coastal City','Dar es Salaam mixes vibrant markets, beaches, and island ferry gateway.','https://media.gettyimages.com/id/678401931/photo/harbour-with-city-skyline-dar-es-salaam-tanzania-east-africa-africa.jpg?s=1024x1024&w=gi&k=20&c=81ghgL7r9s7Eqn5Irz1Mfs2m5Uuj2iHr8Q6nx4ETS7s=','https://res.cloudinary.com/dod6izaze/image/upload/v1766224443/f0f6b766fc14b364fd60927356e8edb3_yizoj7.webp','dar-es-salaam-tz',1,'Mar 22, 2026',NULL,'dar-es-salaam-travel-guide','<h1 class=\"PlaygroundEditorTheme__h1\"><span style=\"white-space: pre-wrap;\">Dar es Salaam – Tanzania\'s Vibrant Port</span></h1><p class=\"PlaygroundEditorTheme__paragraph\"><span style=\"white-space: pre-wrap;\">Swahili for \"haven of peace\" – bustling gateway.</span></p><h2 class=\"PlaygroundEditorTheme__h2\"><span style=\"white-space: pre-wrap;\">Why Visit Dar es Salaam?</span></h2><ul class=\"PlaygroundEditorTheme__ul\"><li value=\"1\" class=\"PlaygroundEditorTheme__listItem\"><span style=\"white-space: pre-wrap;\">Authentic urban Tanzania</span></li><li value=\"2\" class=\"PlaygroundEditorTheme__listItem\"><span style=\"white-space: pre-wrap;\">Fresh seafood markets</span></li><li value=\"3\" class=\"PlaygroundEditorTheme__listItem\"><span style=\"white-space: pre-wrap;\">Ferry to Zanzibar</span></li><li value=\"4\" class=\"PlaygroundEditorTheme__listItem\"><span style=\"white-space: pre-wrap;\">Cultural museums</span></li></ul><h2 class=\"PlaygroundEditorTheme__h2\"><span style=\"white-space: pre-wrap;\">Top Attractions in Dar es Salaam</span></h2><h3 class=\"PlaygroundEditorTheme__h3\"><span style=\"white-space: pre-wrap;\">Harbor</span></h3><p class=\"PlaygroundEditorTheme__paragraph\"><span style=\"white-space: pre-wrap;\">Busy dhows and ferries.</span></p><h3 class=\"PlaygroundEditorTheme__h3\"><span style=\"white-space: pre-wrap;\">Kariakoo Market</span></h3><p class=\"PlaygroundEditorTheme__paragraph\"><span style=\"white-space: pre-wrap;\">Local shopping chaos.</span></p><h3 class=\"PlaygroundEditorTheme__h3\"><span style=\"white-space: pre-wrap;\">Beaches</span></h3><p class=\"PlaygroundEditorTheme__paragraph\"><span style=\"white-space: pre-wrap;\">Coco Beach relaxation.</span></p><h2 class=\"PlaygroundEditorTheme__h2\"><span style=\"white-space: pre-wrap;\">Culinary Experience</span></h2><ul class=\"PlaygroundEditorTheme__ul\"><li value=\"1\" class=\"PlaygroundEditorTheme__listItem\"><span style=\"white-space: pre-wrap;\">Street mishkaki skewers</span></li><li value=\"2\" class=\"PlaygroundEditorTheme__listItem\"><span style=\"white-space: pre-wrap;\">Swahili coconut rice</span></li></ul><h2 class=\"PlaygroundEditorTheme__h2\"><span style=\"white-space: pre-wrap;\">Best Time to Visit Dar es Salaam</span></h2><p class=\"PlaygroundEditorTheme__paragraph\"><span style=\"white-space: pre-wrap;\">Cooler dry months.</span></p><h2 class=\"PlaygroundEditorTheme__h2\"><span style=\"white-space: pre-wrap;\">Conclusion</span></h2><p class=\"PlaygroundEditorTheme__paragraph\"><span style=\"white-space: pre-wrap;\">Dar es Salaam is lively introduction to Tanzania.</span></p>','{\"badge\":\"Dar es Salaam\",\"title\":\"Dar es Salaam\",\"description\":\"\",\"buttonText\":\"Explore\",\"buttonLink\":\"\",\"backgroundColor\":\"#4c1d95\",\"image\":\"https://res.cloudinary.com/dod6izaze/image/upload/v1766224443/ariel-view-of-dar-es-salaam-city-easy-travel-tanzania_vpyex2.jpg\"}',0x00,'2025-12-20 09:27:33','2025-12-20 09:54:47'),
('post-durban-001','Durban Travel Guide: Warm Indian Ocean Beaches','Durban boasts subtropical climate, golden beaches, and rich Indian-influenced cuisine.','https://lookaside.fbsbx.com/lookaside/crawler/media/?media_id=1097632649071120','https://res.cloudinary.com/dod6izaze/image/upload/v1766225321/266b6677-city-33744-167795c3051_pomxa3.jpg','durban-za',1,'Feb 02, 2026',NULL,'durban-travel-guide','<h1 class=\"PlaygroundEditorTheme__h1\"><span style=\"white-space: pre-wrap;\">Durban – South Africa\'s Beach Playground</span></h1><p class=\"PlaygroundEditorTheme__paragraph\"><span style=\"white-space: pre-wrap;\">Warm waters, curry scents, and laid-back vibe.</span></p><h2 class=\"PlaygroundEditorTheme__h2\"><span style=\"white-space: pre-wrap;\">Why Visit Durban?</span></h2><ul class=\"PlaygroundEditorTheme__ul\"><li value=\"1\" class=\"PlaygroundEditorTheme__listItem\"><span style=\"white-space: pre-wrap;\">Year-round warm ocean swimming</span></li><li value=\"2\" class=\"PlaygroundEditorTheme__listItem\"><span style=\"white-space: pre-wrap;\">Best bunny chow in the world</span></li><li value=\"3\" class=\"PlaygroundEditorTheme__listItem\"><span style=\"white-space: pre-wrap;\">Vibrant Indian culture</span></li><li value=\"4\" class=\"PlaygroundEditorTheme__listItem\"><span style=\"white-space: pre-wrap;\">Surfing and beach activities</span></li></ul><h2 class=\"PlaygroundEditorTheme__h2\"><span style=\"white-space: pre-wrap;\">Top Attractions in Durban</span></h2><h3 class=\"PlaygroundEditorTheme__h3\"><span style=\"white-space: pre-wrap;\">Golden Mile</span></h3><p class=\"PlaygroundEditorTheme__paragraph\"><span style=\"white-space: pre-wrap;\">Promenade with beaches and piers.</span></p><h3 class=\"PlaygroundEditorTheme__h3\"><span style=\"white-space: pre-wrap;\">Moses Mabhida Stadium</span></h3><p class=\"PlaygroundEditorTheme__paragraph\"><span style=\"white-space: pre-wrap;\">Big Swing and SkyCar views.</span></p><h3 class=\"PlaygroundEditorTheme__h3\"><span style=\"white-space: pre-wrap;\">uShaka Marine World</span></h3><p class=\"PlaygroundEditorTheme__paragraph\"><span style=\"white-space: pre-wrap;\">Aquarium and water park.</span></p><h2 class=\"PlaygroundEditorTheme__h2\"><span style=\"white-space: pre-wrap;\">Culinary Experience</span></h2><ul class=\"PlaygroundEditorTheme__ul\"><li value=\"1\" class=\"PlaygroundEditorTheme__listItem\"><span style=\"white-space: pre-wrap;\">Bunny chow curry</span></li><li value=\"2\" class=\"PlaygroundEditorTheme__listItem\"><span style=\"white-space: pre-wrap;\">Durban masala spices</span></li><li value=\"3\" class=\"PlaygroundEditorTheme__listItem\"><span style=\"white-space: pre-wrap;\">Fresh seafood</span></li></ul><h2 class=\"PlaygroundEditorTheme__h2\"><span style=\"white-space: pre-wrap;\">Best Time to Visit Durban</span></h2><p class=\"PlaygroundEditorTheme__paragraph\"><span style=\"white-space: pre-wrap;\">Winter for dry, warm days.</span></p><h2 class=\"PlaygroundEditorTheme__h2\"><span style=\"white-space: pre-wrap;\">Conclusion</span></h2><p class=\"PlaygroundEditorTheme__paragraph\"><span style=\"white-space: pre-wrap;\">Durban delivers sun, surf, and spice.</span></p>','{\"badge\":\"Durban\",\"title\":\"Explore Durban\",\"description\":\"\",\"buttonText\":\"Explore\",\"buttonLink\":\"\",\"backgroundColor\":\"#4c1d95\",\"image\":\"https://res.cloudinary.com/dod6izaze/image/upload/v1766225319/durbanlead_kbqqiw.jpg\"}',0x00,'2025-12-20 09:18:09','2025-12-20 10:08:58'),
('post-fes-001','Fes Travel Guide: Morocco\'s Spiritual and Cultural Capital','Fes preserves medieval medina life with ancient tanneries, madrasas, and labyrinthine streets.','https://www.artisansofleisure.com/wp-content/uploads/2021/11/Morocco_private-Fez-tours-9.jpg','https://www.artisansofleisure.com/wp-content/uploads/2021/11/Morocco_private-Fez-tours-9.jpg','fes-ma',1,'Feb 14, 2026','12 min read','fes-travel-guide','<h1>Fes – Timeless Imperial City</h1>\r\n  <p>Morocco\'s intellectual and artisanal heart.</p>\r\n\r\n  <h2>Why Visit Fes?</h2>\r\n  <ul>\r\n    <li>Best-preserved medieval medina</li>\r\n    <li>Iconic tanneries and crafts</li>\r\n    <li>Spiritual significance</li>\r\n    <li>Authentic Moroccan life</li>\r\n  </ul>\r\n\r\n  <h2>Top Attractions in Fes</h2>\r\n\r\n  <h3>Chouara Tannery</h3>\r\n  <p>Centuries-old leather production from rooftops.</p>\r\n\r\n  <h3>Bou Inania Madrasa</h3>\r\n  <p>Marinid architectural gem.</p>\r\n\r\n  <h3>Medina Alleys</h3>\r\n  <p>Get lost in 9,000 streets.</p>\r\n\r\n  <h2>Culinary Experience</h2>\r\n  <ul>\r\n    <li>Fassi cuisine and camel burger</li>\r\n    <li>Traditional sweets</li>\r\n  </ul>\r\n\r\n  <h2>Best Time to Visit Fes</h2>\r\n  <p>Spring or autumn.</p>\r\n\r\n  <h2>Conclusion</h2>\r\n  <p>Fes immerses you in Morocco\'s soul.</p>','{\"title\": \"Explore Fes\", \"image\": \"https://www.artisansofleisure.com/wp-content/uploads/2021/11/Morocco_private-Fez-tours-9.jpg\", \"link\": \"/travel/fes\"}',0x00,'2025-12-20 09:19:39','2025-12-20 09:19:39'),
('post-florence-001','Florence Travel Guide: The Cradle of the Renaissance','Florence, birthplace of the Renaissance, boasts unparalleled art, architecture, and Tuscan cuisine in a compact historic center.','https://upload.wikimedia.org/wikipedia/commons/2/2f/Florence_Panorama.jpg','https://res.cloudinary.com/dod6izaze/image/upload/v1766225148/images_sijyyd.jpg','florence-it',1,'Jan 08, 2026',NULL,'florence-travel-guide','<h1 class=\"PlaygroundEditorTheme__h1\"><span style=\"white-space: pre-wrap;\">Florence – The Renaissance Jewel of Tuscany</span></h1><p class=\"PlaygroundEditorTheme__paragraph\"><span style=\"white-space: pre-wrap;\">Florence is the heart of the Renaissance, filled with masterpieces by Michelangelo, Leonardo, and Botticelli.</span></p><h2 class=\"PlaygroundEditorTheme__h2\"><span style=\"white-space: pre-wrap;\">Why Visit Florence?</span></h2><ul class=\"PlaygroundEditorTheme__ul\"><li value=\"1\" class=\"PlaygroundEditorTheme__listItem\"><span style=\"white-space: pre-wrap;\">Unrivaled concentration of Renaissance art and architecture</span></li><li value=\"2\" class=\"PlaygroundEditorTheme__listItem\"><span style=\"white-space: pre-wrap;\">Iconic Duomo and panoramic views</span></li><li value=\"3\" class=\"PlaygroundEditorTheme__listItem\"><span style=\"white-space: pre-wrap;\">Leather markets and artisan workshops</span></li><li value=\"4\" class=\"PlaygroundEditorTheme__listItem\"><span style=\"white-space: pre-wrap;\">Superb Tuscan wines and cuisine</span></li></ul><h2 class=\"PlaygroundEditorTheme__h2\"><span style=\"white-space: pre-wrap;\">Top Attractions in Florence</span></h2><h3 class=\"PlaygroundEditorTheme__h3\"><span style=\"white-space: pre-wrap;\">Duomo (Cathedral of Santa Maria del Fiore)</span></h3><p class=\"PlaygroundEditorTheme__paragraph\"><span style=\"white-space: pre-wrap;\">Brunelleschi’s magnificent dome dominates the skyline.</span></p><h3 class=\"PlaygroundEditorTheme__h3\"><span style=\"white-space: pre-wrap;\">Uffizi Gallery</span></h3><p class=\"PlaygroundEditorTheme__paragraph\"><span style=\"white-space: pre-wrap;\">Home to Botticelli’s Birth of Venus and works by Michelangelo.</span></p><h3 class=\"PlaygroundEditorTheme__h3\"><span style=\"white-space: pre-wrap;\">Accademia Gallery</span></h3><p class=\"PlaygroundEditorTheme__paragraph\"><span style=\"white-space: pre-wrap;\">Features Michelangelo’s iconic David statue.</span></p><h3 class=\"PlaygroundEditorTheme__h3\"><span style=\"white-space: pre-wrap;\">Ponte Vecchio</span></h3><p class=\"PlaygroundEditorTheme__paragraph\"><span style=\"white-space: pre-wrap;\">The medieval bridge lined with jewelry shops.</span></p><h3 class=\"PlaygroundEditorTheme__h3\"><span style=\"white-space: pre-wrap;\">Piazzale Michelangelo</span></h3><p class=\"PlaygroundEditorTheme__paragraph\"><span style=\"white-space: pre-wrap;\">Panoramic sunset views over the city.</span></p><h2 class=\"PlaygroundEditorTheme__h2\"><span style=\"white-space: pre-wrap;\">Culinary Experience</span></h2><ul class=\"PlaygroundEditorTheme__ul\"><li value=\"1\" class=\"PlaygroundEditorTheme__listItem\"><span style=\"white-space: pre-wrap;\">Bistecca alla fiorentina (Florentine steak)</span></li><li value=\"2\" class=\"PlaygroundEditorTheme__listItem\"><span style=\"white-space: pre-wrap;\">Ribollita soup and pappardelle al cinghiale</span></li><li value=\"3\" class=\"PlaygroundEditorTheme__listItem\"><span style=\"white-space: pre-wrap;\">Cantucci biscuits with Vin Santo</span></li><li value=\"4\" class=\"PlaygroundEditorTheme__listItem\"><span style=\"white-space: pre-wrap;\">Chianti wines and gelato</span></li></ul><h2 class=\"PlaygroundEditorTheme__h2\"><span style=\"white-space: pre-wrap;\">Best Time to Visit Florence</span></h2><p class=\"PlaygroundEditorTheme__paragraph\"><span style=\"white-space: pre-wrap;\">Spring (April–June) and autumn (September–October) for ideal weather and blooming gardens.</span></p><h2 class=\"PlaygroundEditorTheme__h2\"><span style=\"white-space: pre-wrap;\">Conclusion</span></h2><p class=\"PlaygroundEditorTheme__paragraph\"><span style=\"white-space: pre-wrap;\">Florence is an open-air museum where art, history, and beauty converge timelessly.</span></p>','{\"badge\":\"Florence\",\"title\":\"Discover Florence\",\"description\":\"\",\"buttonText\":\"Discover\",\"buttonLink\":\"\",\"backgroundColor\":\"#4c1d95\",\"image\":\"https://res.cloudinary.com/dod6izaze/image/upload/v1766225146/romantic-place-florence-800x534_tw5qzn.webp\"}',0x00,'2025-12-20 09:06:45','2025-12-20 10:06:05'),
('post-frankfurt-001','Frankfurt Travel Guide: Germany\'s Financial Powerhouse','Frankfurt surprises with skyscrapers, historic old town, and apple wine taverns.','https://thumbs.dreamstime.com/b/frankfurt-germany-october-skyline-main-river-vibrant-autumn-colors-displays-towering-modern-skyscrapers-historic-417035051.jpg','https://thumbs.dreamstime.com/b/frankfurt-germany-october-skyline-main-river-vibrant-autumn-colors-displays-towering-modern-skyscrapers-historic-417035051.jpg','frankfurt-de',1,'Feb 23, 2026','11 min read','frankfurt-travel-guide','<h1>Frankfurt am Main – Modern Meets Tradition</h1>\r\n  <p>Germany\'s skyline city with a surprisingly cozy historic heart.</p>\r\n\r\n  <h2>Why Visit Frankfurt?</h2>\r\n  <ul>\r\n    <li>Impressive modern skyline (Mainhattan)</li>\r\n    <li>Rebuilt historic Römerberg</li>\r\n    <li>Excellent museums along the river</li>\r\n    <li>Traditional Apfelwein taverns</li>\r\n  </ul>\r\n\r\n  <h2>Top Attractions in Frankfurt</h2>\r\n\r\n  <h3>Römerberg</h3>\r\n  <p>Charming square with half-timbered houses.</p>\r\n\r\n  <h3>Main Tower</h3>\r\n  <p>Best viewpoint over the skyline.</p>\r\n\r\n  <h3>Eiserner Steg</h3>\r\n  <p>Bridge famous for love locks and photos.</p>\r\n\r\n  <h3>Städel Museum</h3>\r\n  <p>Art from Old Masters to contemporary.</p>\r\n\r\n  <h3>Palmengarten</h3>\r\n  <p>Tropical botanical gardens.</p>\r\n\r\n  <h2>Culinary Experience</h2>\r\n  <ul>\r\n    <li>Frankfurter sausages and green sauce</li>\r\n    <li>Apfelwein (apple cider)</li>\r\n    <li>Handkäse mit Musik cheese</li>\r\n    <li>Rippchen mit Kraut</li>\r\n  </ul>\r\n\r\n  <h2>Best Time to Visit Frankfurt</h2>\r\n  <p>Spring or autumn for pleasant weather.</p>\r\n\r\n  <h2>Conclusion</h2>\r\n  <p>Frankfurt is dynamic, diverse, and worth more than just a layover.</p>','{\"title\": \"Explore Frankfurt\", \"image\": \"https://thumbs.dreamstime.com/b/frankfurt-germany-october-skyline-main-river-vibrant-autumn-colors-displays-towering-modern-skyscrapers-historic-417035051.jpg\", \"link\": \"/travel/frankfurt\"}',0x00,'2025-12-20 09:12:46','2025-12-20 09:12:46'),
('post-giza-001','Giza Travel Guide: Home of the Great Pyramids','Giza stands eternal with the world\'s last remaining Ancient Wonder and enigmatic Sphinx.','https://cdn11.bigcommerce.com/s-5luen2shhj/images/stencil/original/products/3796/25148/great-egyptian-pyramids-sphinx-giza-plateau-wallpaper-photo-mural__04963__74346.1739231276.jpg?c=2','https://cdn11.bigcommerce.com/s-5luen2shhj/images/stencil/original/products/3796/25148/great-egyptian-pyramids-sphinx-giza-plateau-wallpaper-photo-mural__04963__74346.1739231276.jpg?c=2','giza-eg',1,'Jan 12, 2026','10 min read','giza-travel-guide','<h1>Giza – Eternal Pyramids Plateau</h1>\r\n  <p>The most iconic silhouette in human history.</p>\r\n\r\n  <h2>Why Visit Giza?</h2>\r\n  <ul>\r\n    <li>Last surviving Ancient Wonder</li>\r\n    <li>Mysteries of construction still unsolved</li>\r\n    <li>Camel rides and desert views</li>\r\n    <li>Night sound & light spectacle</li>\r\n  </ul>\r\n\r\n  <h2>Top Attractions in Giza</h2>\r\n\r\n  <h3>Great Pyramid</h3>\r\n  <p>Enter the king\'s chamber (extra ticket).</p>\r\n\r\n  <h3>Great Sphinx</h3>\r\n  <p>Up-close views of the legendary guardian.</p>\r\n\r\n  <h3>Panoramic Viewpoint</h3>\r\n  <p>Classic nine-pyramid photo spot.</p>\r\n\r\n  <h2>Culinary Experience</h2>\r\n  <ul>\r\n    <li>Local koshari nearby</li>\r\n    <li>Fresh dates and tea</li>\r\n  </ul>\r\n\r\n  <h2>Best Time to Visit Giza</h2>\r\n  <p>October–April, early morning for fewer crowds.</p>\r\n\r\n  <h2>Conclusion</h2>\r\n  <p>Standing before the Pyramids is a bucket-list moment of awe.</p>','{\"title\": \"Explore Giza\", \"image\": \"https://cdn11.bigcommerce.com/s-5luen2shhj/images/stencil/original/products/3796/25148/great-egyptian-pyramids-sphinx-giza-plateau-wallpaper-photo-mural__04963__74346.1739231276.jpg?c=2\", \"link\": \"/travel/giza\"}',0x00,'2025-12-20 09:17:23','2025-12-20 09:17:23'),
('post-granada-001','Granada Travel Guide: Home of the Legendary Alhambra','Granada mesmerizes with the majestic Alhambra, snowy Sierra Nevada backdrop, and free tapas culture.','https://i.natgeofe.com/n/bb36ca23-b3b2-4145-b46c-4689de640057/STOCK_MM10093_REDUX_h_00000221016864.jpg','https://i.natgeofe.com/n/bb36ca23-b3b2-4145-b46c-4689de640057/STOCK_MM10093_REDUX_h_00000221016864.jpg','granada-es',1,'Feb 08, 2026','12 min read','granada-travel-guide','<h1>Granada – Moorish Jewel of Andalusia</h1>\r\n  <p>The last Muslim kingdom in Spain left an unforgettable legacy in this mountain city.</p>\r\n\r\n  <h2>Why Visit Granada?</h2>\r\n  <ul>\r\n    <li>The breathtaking Alhambra palace complex</li>\r\n    <li>Free tapas with every drink</li>\r\n    <li>Authentic flamenco in caves</li>\r\n    <li>Stunning views from Albaicín</li>\r\n  </ul>\r\n\r\n  <h2>Top Attractions in Granada</h2>\r\n\r\n  <h3>Alhambra</h3>\r\n  <p>Nasrid palaces, Alcazaba fortress, and Generalife gardens – a UNESCO masterpiece.</p>\r\n\r\n  <h3>Albaicín & Mirador San Nicolás</h3>\r\n  <p>Best sunset view over the Alhambra.</p>\r\n\r\n  <h3>Sacromonte</h3>\r\n  <p>Gypsy quarter with cave houses and flamenco venues.</p>\r\n\r\n  <h3>Granada Cathedral</h3>\r\n  <p>Impressive Renaissance architecture and royal tombs.</p>\r\n\r\n  <h2>Culinary Experience</h2>\r\n  <ul>\r\n    <li>Free tapas bars</li>\r\n    <li>Piononos pastries</li>\r\n    <li>Alpujarra stew and local wines</li>\r\n  </ul>\r\n\r\n  <h2>Best Time to Visit Granada</h2>\r\n  <p>Spring or autumn to beat crowds and heat.</p>\r\n\r\n  <h2>Conclusion</h2>\r\n  <p>Granada is pure poetry – history, views, and flavor in every corner.</p>','{\"title\": \"Explore Granada\", \"image\": \"https://i.natgeofe.com/n/bb36ca23-b3b2-4145-b46c-4689de640057/STOCK_MM10093_REDUX_h_00000221016864.jpg\", \"link\": \"/travel/granada\"}',0x00,'2025-12-20 09:11:04','2025-12-20 09:11:04'),
('post-guilin-001','Guilin Travel Guide: China’s Most Scenic Landscapes','Guilin is famous for dramatic karst mountains, peaceful rivers, and postcard-perfect scenery.','https://upload.wikimedia.org/wikipedia/commons/1/1e/Li_River_Guilin.jpg','https://res.cloudinary.com/dod6izaze/image/upload/v1766218018/shutterstock_159049709_ou91ox.jpg','guilin-cn',1,'Aug 28, 2025',NULL,'guilin-travel-guide','<h1 class=\"PlaygroundEditorTheme__h1\"><span style=\"white-space: pre-wrap;\">Guilin – Nature’s Masterpiece</span></h1><p class=\"PlaygroundEditorTheme__paragraph\"><span style=\"white-space: pre-wrap;\">Guilin’s landscapes have inspired Chinese artists for centuries. Its limestone peaks and rivers are among the most beautiful in China.</span></p><h2 class=\"PlaygroundEditorTheme__h2\"><span style=\"white-space: pre-wrap;\">Li River Cruise</span></h2><p class=\"PlaygroundEditorTheme__paragraph\"><span style=\"white-space: pre-wrap;\">A cruise along the Li River offers unforgettable views of karst mountains and rural life.</span></p><h2 class=\"PlaygroundEditorTheme__h2\"><span style=\"white-space: pre-wrap;\">Reed Flute Cave</span></h2><p class=\"PlaygroundEditorTheme__paragraph\"><span style=\"white-space: pre-wrap;\">A natural limestone cave filled with colorful stalactites and stalagmites.</span></p><h2 class=\"PlaygroundEditorTheme__h2\"><span style=\"white-space: pre-wrap;\">Conclusion</span></h2><p class=\"PlaygroundEditorTheme__paragraph\"><span style=\"white-space: pre-wrap;\">Guilin is a dream destination for nature and photography lovers.</span></p>','{\"badge\":\"Guilin\",\"title\":\"Explore Guilin\",\"description\":\"\",\"buttonText\":\"Explore\",\"buttonLink\":\"\",\"backgroundColor\":\"#4c1d95\",\"image\":\"https://res.cloudinary.com/dod6izaze/image/upload/v1766218016/guilin-banner_lq08bz.jpg\"}',0x00,'2025-12-20 06:36:37','2025-12-20 08:07:24'),
('post-halong-001','Ha Long Bay Travel Guide: A Complete Experience of Vietnam’s Natural Wonder','Discover Ha Long Bay – a UNESCO World Heritage Site famous for its limestone karsts, emerald waters, luxury cruises, and unforgettable natural scenery.','https://upload.wikimedia.org/wikipedia/commons/6/6e/Ha_Long_Bay_in_Vietnam.jpg','https://res.cloudinary.com/dod6izaze/image/upload/v1766216880/socialThumbnail2_e8go8x.jpg','halong-vn',1,'Aug 8, 2025',NULL,'ha-long-bay-travel-guide','<h1 class=\"PlaygroundEditorTheme__h1\"><span style=\"white-space: pre-wrap;\">Ha Long Bay – Vietnam’s Iconic Natural Wonder</span></h1><p class=\"PlaygroundEditorTheme__paragraph\"><span style=\"white-space: pre-wrap;\">Ha Long Bay is one of the most breathtaking travel destinations in Southeast Asia. Located in northern Vietnam, this UNESCO World Heritage Site is renowned for its thousands of limestone islands rising dramatically from emerald-green waters.</span></p><h2 class=\"PlaygroundEditorTheme__h2\"><span style=\"white-space: pre-wrap;\">Why Visit Ha Long Bay?</span></h2><p class=\"PlaygroundEditorTheme__paragraph\"><span style=\"white-space: pre-wrap;\">Ha Long Bay offers a perfect combination of natural beauty, cultural experiences, and luxury travel. Whether you are seeking relaxation, adventure, or photography, this destination delivers unforgettable moments.</span></p><ul class=\"PlaygroundEditorTheme__ul\"><li value=\"1\" class=\"PlaygroundEditorTheme__listItem\"><span style=\"white-space: pre-wrap;\">Over 1,600 limestone islands and islets</span></li><li value=\"2\" class=\"PlaygroundEditorTheme__listItem\"><span style=\"white-space: pre-wrap;\">UNESCO World Heritage Site</span></li><li value=\"3\" class=\"PlaygroundEditorTheme__listItem\"><span style=\"white-space: pre-wrap;\">Luxury overnight cruises</span></li><li value=\"4\" class=\"PlaygroundEditorTheme__listItem\"><span style=\"white-space: pre-wrap;\">Kayaking, caves, and floating villages</span></li></ul><h2 class=\"PlaygroundEditorTheme__h2\"><span style=\"white-space: pre-wrap;\">Top Attractions in Ha Long Bay</span></h2><h3 class=\"PlaygroundEditorTheme__h3\"><span style=\"white-space: pre-wrap;\">1. Sung Sot Cave (Surprise Cave)</span></h3><p class=\"PlaygroundEditorTheme__paragraph\"><span style=\"white-space: pre-wrap;\">Sung Sot Cave is the largest and most impressive cave in Ha Long Bay, featuring massive chambers filled with stalactites and stalagmites illuminated by colorful lights.</span></p><h3 class=\"PlaygroundEditorTheme__h3\"><span style=\"white-space: pre-wrap;\">2. Titop Island</span></h3><p class=\"PlaygroundEditorTheme__paragraph\"><span style=\"white-space: pre-wrap;\">Famous for its panoramic viewpoint, Titop Island offers a short hike that rewards visitors with stunning views of the bay.</span></p><h3 class=\"PlaygroundEditorTheme__h3\"><span style=\"white-space: pre-wrap;\">3. Kayaking Through Limestone Lagoons</span></h3><p class=\"PlaygroundEditorTheme__paragraph\"><span style=\"white-space: pre-wrap;\">Kayaking allows travelers to explore hidden lagoons, sea caves, and quiet corners of the bay that are inaccessible by large boats.</span></p><h2 class=\"PlaygroundEditorTheme__h2\"><span style=\"white-space: pre-wrap;\">Best Time to Visit</span></h2><p class=\"PlaygroundEditorTheme__paragraph\"><span style=\"white-space: pre-wrap;\">The best time to visit Ha Long Bay is from </span><b><strong class=\"PlaygroundEditorTheme__textBold\" style=\"white-space: pre-wrap;\">October to April</strong></b><span style=\"white-space: pre-wrap;\">, when the weather is cooler, drier, and ideal for cruising and outdoor activities.</span></p><h2 class=\"PlaygroundEditorTheme__h2\"><span style=\"white-space: pre-wrap;\">Travel Tips</span></h2><ul class=\"PlaygroundEditorTheme__ul\"><li value=\"1\" class=\"PlaygroundEditorTheme__listItem\"><span style=\"white-space: pre-wrap;\">Choose an overnight cruise for the full experience</span></li><li value=\"2\" class=\"PlaygroundEditorTheme__listItem\"><span style=\"white-space: pre-wrap;\">Pack light but bring sunscreen and a hat</span></li><li value=\"3\" class=\"PlaygroundEditorTheme__listItem\"><span style=\"white-space: pre-wrap;\">Book tours from reputable operators</span></li></ul><h2 class=\"PlaygroundEditorTheme__h2\"><span style=\"white-space: pre-wrap;\">Conclusion</span></h2><p class=\"PlaygroundEditorTheme__paragraph\"><span style=\"white-space: pre-wrap;\">Ha Long Bay is not just a destination—it is an experience that showcases Vietnam’s natural beauty at its finest. From serene waters to dramatic limestone cliffs, this is a must-visit destination for travelers around the world.</span></p>','{\"badge\":\"Ha Long\",\"title\":\"Explore Ha Long Bay\",\"description\":\"\",\"buttonText\":\"Explore\",\"buttonLink\":\"\",\"backgroundColor\":\"#4c1d95\",\"image\":\"https://res.cloudinary.com/dod6izaze/image/upload/v1766216881/shutterstock_1218764578_wdxji6.jpg\"}',0x00,'2025-12-20 06:04:32','2025-12-20 07:48:43'),
('post-hamburg-001','Hamburg Travel Guide: Germany\'s Gateway to the World','Hamburg impresses with its massive port, modern architecture, and vibrant waterfront districts.','https://media.istockphoto.com/id/1215779920/photo/the-elbphilharmonie-at-sunset.jpg?s=612x612&w=0&k=20&c=8v_Td_pkhF0HkRQOVjdPAtiJ6yPHxOMbunUUuERrnbE=','https://media.istockphoto.com/id/1215779920/photo/the-elbphilharmonie-at-sunset.jpg?s=612x612&w=0&k=20&c=8v_Td_pkhF0HkRQOVjdPAtiJ6yPHxOMbunUUuERrnbE=','hamburg-de',1,'Feb 17, 2026','11 min read','hamburg-travel-guide','<h1>Hamburg – Maritime Metropolis</h1>\r\n  <p>Germany\'s second-largest city thrives on water, trade, and culture.</p>\r\n\r\n  <h2>Why Visit Hamburg?</h2>\r\n  <ul>\r\n    <li>Impressive harbor and canal tours</li>\r\n    <li>Elbphilharmonie concert hall</li>\r\n    <li>Historic warehouses and modern vibes</li>\r\n    <li>Lively nightlife and fish markets</li>\r\n  </ul>\r\n\r\n  <h2>Top Attractions in Hamburg</h2>\r\n\r\n  <h3>Elbphilharmonie</h3>\r\n  <p>Architectural masterpiece – visit the free plaza for views.</p>\r\n\r\n  <h3>Speicherstadt</h3>\r\n  <p>UNESCO brick warehouse district with canals.</p>\r\n\r\n  <h3>Miniatur Wunderland</h3>\r\n  <p>Mind-blowing model world with trains and airports.</p>\r\n\r\n  <h3>Port of Hamburg</h3>\r\n  <p>Boat tours through the massive container port.</p>\r\n\r\n  <h3>Planten un Blomen</h3>\r\n  <p>Beautiful park with water-light shows in summer.</p>\r\n\r\n  <h2>Culinary Experience</h2>\r\n  <ul>\r\n    <li>Fresh fish sandwiches (Fischbrötchen)</li>\r\n    <li>Labskaus and currywurst</li>\r\n    <li>Local Astra beer</li>\r\n    <li>Franzbrötchen pastry</li>\r\n  </ul>\r\n\r\n  <h2>Best Time to Visit Hamburg</h2>\r\n  <p>Summer for festivals and long days on the water.</p>\r\n\r\n  <h2>Conclusion</h2>\r\n  <p>Hamburg is cool, cosmopolitan, and full of surprises.</p>','{\"title\": \"Explore Hamburg\", \"image\": \"https://media.istockphoto.com/id/1215779920/photo/the-elbphilharmonie-at-sunset.jpg?s=612x612&w=0&k=20&c=8v_Td_pkhF0HkRQOVjdPAtiJ6yPHxOMbunUUuERrnbE=\", \"link\": \"/travel/hamburg\"}',0x00,'2025-12-20 09:11:49','2025-12-20 09:11:49'),
('post-hanoi-001','Hanoi Travel Guide: Discover the Timeless Charm of Vietnam’s Capital','Explore Hanoi – the heart of Vietnam where ancient history, vibrant street life, traditional culture, and modern energy blend into a truly unforgettable travel experience.','https://upload.wikimedia.org/wikipedia/commons/6/6e/Hanoi_skyline.jpg','/uploads/1766216002205-e5y949gpur.jpg','hanoi-vn',1,'Aug 9, 2025',NULL,'hanoi-travel-guide','<h1 class=\"PlaygroundEditorTheme__h1\"><span style=\"white-space: pre-wrap;\">Hanoi – The Cultural and Historical Heart of Vietnam</span></h1><p class=\"PlaygroundEditorTheme__paragraph\"><span style=\"white-space: pre-wrap;\">Hanoi, the capital of Vietnam, is a city where </span><b><strong class=\"PlaygroundEditorTheme__textBold\" style=\"white-space: pre-wrap;\">ancient traditions</strong></b><span style=\"white-space: pre-wrap;\"> coexist harmoniously with </span><b><strong class=\"PlaygroundEditorTheme__textBold\" style=\"white-space: pre-wrap;\">modern urban life</strong></b><span style=\"white-space: pre-wrap;\">. With over a thousand years of history, Hanoi offers travelers a deep cultural journey through colonial architecture, sacred temples, bustling streets, and timeless traditions.</span></p><h2 class=\"PlaygroundEditorTheme__h2\"><span style=\"white-space: pre-wrap;\">Why Visit Hanoi?</span></h2><p class=\"PlaygroundEditorTheme__paragraph\"><span style=\"white-space: pre-wrap;\">Hanoi is not just a destination—it is an experience. From the narrow streets of the Old Quarter to peaceful lakes and historical landmarks, the city captures the soul of Vietnam like no other place.</span></p><ul class=\"PlaygroundEditorTheme__ul\"><li value=\"1\" class=\"PlaygroundEditorTheme__listItem\"><span style=\"white-space: pre-wrap;\">Over 1,000 years of rich history</span></li><li value=\"2\" class=\"PlaygroundEditorTheme__listItem\"><span style=\"white-space: pre-wrap;\">Unique blend of Asian and French colonial architecture</span></li><li value=\"3\" class=\"PlaygroundEditorTheme__listItem\"><span style=\"white-space: pre-wrap;\">World-famous street food culture</span></li><li value=\"4\" class=\"PlaygroundEditorTheme__listItem\"><span style=\"white-space: pre-wrap;\">Authentic local lifestyle and traditions</span></li></ul><h2 class=\"PlaygroundEditorTheme__h2\"><span style=\"white-space: pre-wrap;\">Top Attractions in Hanoi</span></h2><h3 class=\"PlaygroundEditorTheme__h3\"><span style=\"white-space: pre-wrap;\">1. Hanoi Old Quarter</span></h3><p class=\"PlaygroundEditorTheme__paragraph\"><span style=\"white-space: pre-wrap;\">The Old Quarter is the beating heart of Hanoi. Its narrow streets are named after traditional trades, creating a lively maze of shops, food stalls, and historic houses. Walking here is the best way to feel the city’s energy.</span></p><h3 class=\"PlaygroundEditorTheme__h3\"><span style=\"white-space: pre-wrap;\">2. Hoan Kiem Lake</span></h3><p class=\"PlaygroundEditorTheme__paragraph\"><span style=\"white-space: pre-wrap;\">Located in the city center, Hoan Kiem Lake is a peaceful retreat surrounded by trees, walking paths, and iconic landmarks such as </span><b><strong class=\"PlaygroundEditorTheme__textBold\" style=\"white-space: pre-wrap;\">Ngoc Son Temple</strong></b><span style=\"white-space: pre-wrap;\">. Early mornings and evenings are perfect times to visit.</span></p><h3 class=\"PlaygroundEditorTheme__h3\"><span style=\"white-space: pre-wrap;\">3. Ho Chi Minh Mausoleum</span></h3><p class=\"PlaygroundEditorTheme__paragraph\"><span style=\"white-space: pre-wrap;\">This solemn and important site is where visitors can pay respect to </span><b><strong class=\"PlaygroundEditorTheme__textBold\" style=\"white-space: pre-wrap;\">Ho Chi Minh</strong></b><span style=\"white-space: pre-wrap;\">, the founding father of modern Vietnam. The surrounding complex includes museums and the Presidential Palace.</span></p><h3 class=\"PlaygroundEditorTheme__h3\"><span style=\"white-space: pre-wrap;\">4. Temple of Literature</span></h3><p class=\"PlaygroundEditorTheme__paragraph\"><span style=\"white-space: pre-wrap;\">Built in 1070, the Temple of Literature is Vietnam’s first university. It represents the country’s respect for education and Confucian values and is one of the most beautiful historical sites in Hanoi.</span></p><h3 class=\"PlaygroundEditorTheme__h3\"><span style=\"white-space: pre-wrap;\">5. West Lake (Tay Ho)</span></h3><p class=\"PlaygroundEditorTheme__paragraph\"><span style=\"white-space: pre-wrap;\">West Lake is the largest lake in Hanoi and a popular area for relaxation, cafes, and sunset views. It offers a quieter atmosphere compared to the busy city center.</span></p><h2 class=\"PlaygroundEditorTheme__h2\"><span style=\"white-space: pre-wrap;\">Hanoi Street Food Experience</span></h2><p class=\"PlaygroundEditorTheme__paragraph\"><span style=\"white-space: pre-wrap;\">Hanoi is considered one of the best street food cities in the world. The flavors are subtle, balanced, and deeply connected to local traditions.</span></p><p class=\"PlaygroundEditorTheme__paragraph\"><img src=\"https://res.cloudinary.com/dod6izaze/image/upload/v1766216555/pho-viet-nam-2_ai7obt.jpg\" alt=\"\" width=\"500\" height=\"333.96875\"></p><ul class=\"PlaygroundEditorTheme__ul\"><li value=\"1\" class=\"PlaygroundEditorTheme__listItem\"><b><strong class=\"PlaygroundEditorTheme__textBold\" style=\"white-space: pre-wrap;\">Pho</strong></b><span style=\"white-space: pre-wrap;\"> – Vietnam’s iconic noodle soup</span></li><li value=\"2\" class=\"PlaygroundEditorTheme__listItem\"><b><strong class=\"PlaygroundEditorTheme__textBold\" style=\"white-space: pre-wrap;\">Bun Cha</strong></b><span style=\"white-space: pre-wrap;\"> – Grilled pork with noodles and herbs</span></li><li value=\"3\" class=\"PlaygroundEditorTheme__listItem\"><b><strong class=\"PlaygroundEditorTheme__textBold\" style=\"white-space: pre-wrap;\">Banh Mi</strong></b><span style=\"white-space: pre-wrap;\"> – Crispy Vietnamese baguette sandwich</span></li><li value=\"4\" class=\"PlaygroundEditorTheme__listItem\"><b><strong class=\"PlaygroundEditorTheme__textBold\" style=\"white-space: pre-wrap;\">Egg Coffee</strong></b><span style=\"white-space: pre-wrap;\"> – A unique Hanoi specialty</span></li></ul><h2 class=\"PlaygroundEditorTheme__h2\"><span style=\"white-space: pre-wrap;\">Best Time to Visit Hanoi</span></h2><p class=\"PlaygroundEditorTheme__paragraph\"><span style=\"white-space: pre-wrap;\">The best time to visit Hanoi is during </span><b><strong class=\"PlaygroundEditorTheme__textBold\" style=\"white-space: pre-wrap;\">autumn (September–November)</strong></b><span style=\"white-space: pre-wrap;\"> and </span><b><strong class=\"PlaygroundEditorTheme__textBold\" style=\"white-space: pre-wrap;\">spring (March–April)</strong></b><span style=\"white-space: pre-wrap;\">, when the weather is mild and pleasant. Summers can be hot and humid, while winters are cooler and atmospheric.</span></p><h2 class=\"PlaygroundEditorTheme__h2\"><span style=\"white-space: pre-wrap;\">Travel Tips for Hanoi</span></h2><ul class=\"PlaygroundEditorTheme__ul\"><li value=\"1\" class=\"PlaygroundEditorTheme__listItem\"><span style=\"white-space: pre-wrap;\">Explore on foot or by cyclo for a local experience</span></li><li value=\"2\" class=\"PlaygroundEditorTheme__listItem\"><span style=\"white-space: pre-wrap;\">Be cautious when crossing busy streets</span></li><li value=\"3\" class=\"PlaygroundEditorTheme__listItem\"><span style=\"white-space: pre-wrap;\">Try street food from busy, popular stalls</span></li><li value=\"4\" class=\"PlaygroundEditorTheme__listItem\"><span style=\"white-space: pre-wrap;\">Dress modestly when visiting temples</span></li></ul><h2 class=\"PlaygroundEditorTheme__h2\"><span style=\"white-space: pre-wrap;\">Conclusion</span></h2><p class=\"PlaygroundEditorTheme__paragraph\"><span style=\"white-space: pre-wrap;\">Hanoi is a city that stays in your heart long after you leave. Its timeless charm, rich history, and vibrant street life make it an essential destination for anyone traveling to Vietnam.</span></p>','{\"badge\":\"Follow the throught Trail\",\"title\":\"Explore all topics and find the ones the matter to you\",\"description\":\"\",\"buttonText\":\"Explore Categories\",\"buttonLink\":\"#\",\"backgroundColor\":\"#4c1d95\",\"image\":\"https://res.cloudinary.com/dod6izaze/image/upload/v1766216455/Mazurek_Hanoi_011_ja1y71.jpg\"}',0x00,'2025-12-20 06:10:09','2025-12-20 07:44:20'),
('post-havana-001','Havana Travel Guide: Cuba\'s Colorful Capital','Havana captivates with classic cars, colonial architecture, rum, cigars, and live music.','https://www.havana-guide.com/wp-content/uploads/2019/06/havana-old-town.jpg','https://res.cloudinary.com/dod6izaze/image/upload/v1766224003/dia-diem-du-lich-havana-0_n8youb.png','havana-cu',1,'May 09, 2026',NULL,'havana-travel-guide','<h1 class=\"PlaygroundEditorTheme__h1\"><span style=\"white-space: pre-wrap;\">Havana – Timeless Caribbean Gem</span></h1><p class=\"PlaygroundEditorTheme__paragraph\"><span style=\"white-space: pre-wrap;\">Faded grandeur and vibrant rhythm.</span></p><h2 class=\"PlaygroundEditorTheme__h2\"><span style=\"white-space: pre-wrap;\">Why Visit Havana?</span></h2><ul class=\"PlaygroundEditorTheme__ul\"><li value=\"1\" class=\"PlaygroundEditorTheme__listItem\"><span style=\"white-space: pre-wrap;\">1950s classic cars</span></li><li value=\"2\" class=\"PlaygroundEditorTheme__listItem\"><span style=\"white-space: pre-wrap;\">Salsa and rumba</span></li><li value=\"3\" class=\"PlaygroundEditorTheme__listItem\"><span style=\"white-space: pre-wrap;\">Cuban cigars and mojitos</span></li><li value=\"4\" class=\"PlaygroundEditorTheme__listItem\"><span style=\"white-space: pre-wrap;\">Colonial buildings</span></li></ul><h2 class=\"PlaygroundEditorTheme__h2\"><span style=\"white-space: pre-wrap;\">Top Attractions in Havana</span></h2><h3 class=\"PlaygroundEditorTheme__h3\"><span style=\"white-space: pre-wrap;\">Old Havana</span></h3><p class=\"PlaygroundEditorTheme__paragraph\"><span style=\"white-space: pre-wrap;\">Plazas and fortresses.</span></p><h3 class=\"PlaygroundEditorTheme__h3\"><span style=\"white-space: pre-wrap;\">Malecón</span></h3><p class=\"PlaygroundEditorTheme__paragraph\"><span style=\"white-space: pre-wrap;\">Sunset walks.</span></p><h2 class=\"PlaygroundEditorTheme__h2\"><span style=\"white-space: pre-wrap;\">Culinary Experience</span></h2><ul class=\"PlaygroundEditorTheme__ul\"><li value=\"1\" class=\"PlaygroundEditorTheme__listItem\"><span style=\"white-space: pre-wrap;\">Ropa vieja and moros</span></li><li value=\"2\" class=\"PlaygroundEditorTheme__listItem\"><span style=\"white-space: pre-wrap;\">Daiquiri and Cuba Libre</span></li></ul><h2 class=\"PlaygroundEditorTheme__h2\"><span style=\"white-space: pre-wrap;\">Best Time to Visit Havana</span></h2><p class=\"PlaygroundEditorTheme__paragraph\"><span style=\"white-space: pre-wrap;\">Dry season.</span></p><h2 class=\"PlaygroundEditorTheme__h2\"><span style=\"white-space: pre-wrap;\">Conclusion</span></h2><p class=\"PlaygroundEditorTheme__paragraph\"><span style=\"white-space: pre-wrap;\">Havana is pure nostalgia and joy.</span></p>','{\"badge\":\"Havana\",\"title\":\"Explore Havana\",\"description\":\"\",\"buttonText\":\"Explore\",\"buttonLink\":\"\",\"backgroundColor\":\"#4c1d95\",\"image\":\"https://res.cloudinary.com/dod6izaze/image/upload/v1766224002/guide-to-old-havana-cuba_ogzw6v.webp\"}',0x00,'2025-12-20 09:33:45','2025-12-20 09:47:08'),
('post-hoian-001','Hoi An Travel Guide: Step Into Vietnam’s Timeless Ancient Town','Hoi An is a beautifully preserved ancient town where lantern-lit streets, historic architecture, riverside charm, and rich cultural heritage create one of Vietnam’s most enchanting travel destinations.','https://upload.wikimedia.org/wikipedia/commons/5/5b/Hoi_An_old_town.jpg','https://res.cloudinary.com/dod6izaze/image/upload/v1766220538/292-Qu%E1%BA%A3ng_Nam-tmluong50_gmail.com-thuyen_hoa_t3dtzt.jpg','hoian-vn',1,'Aug 10, 2025',NULL,'hoi-an-travel-guide','<h1 class=\"PlaygroundEditorTheme__h1\"><span style=\"white-space: pre-wrap;\">Hoi An – Vietnam’s Most Charming Ancient Town</span></h1><p class=\"PlaygroundEditorTheme__paragraph\"><span style=\"white-space: pre-wrap;\">Hoi An is a destination where time seems to slow down. Located in central Vietnam, this UNESCO World Heritage Site is famous for its </span><b><strong class=\"PlaygroundEditorTheme__textBold\" style=\"white-space: pre-wrap;\">well-preserved ancient streets</strong></b><span style=\"white-space: pre-wrap;\">, colorful lanterns, historic houses, and a peaceful atmosphere that feels worlds away from modern city life.</span></p><h2 class=\"PlaygroundEditorTheme__h2\"><span style=\"white-space: pre-wrap;\">Why Visit Hoi An?</span></h2><p class=\"PlaygroundEditorTheme__paragraph\"><span style=\"white-space: pre-wrap;\">Hoi An offers a rare combination of history, culture, cuisine, and romance. Once a major trading port between the 15th and 19th centuries, the town reflects a unique blend of Vietnamese, Chinese, Japanese, and European influences.</span></p><ul class=\"PlaygroundEditorTheme__ul\"><li value=\"1\" class=\"PlaygroundEditorTheme__listItem\"><span style=\"white-space: pre-wrap;\">UNESCO World Heritage Site</span></li><li value=\"2\" class=\"PlaygroundEditorTheme__listItem\"><span style=\"white-space: pre-wrap;\">Lantern-lit streets and riverside scenery</span></li><li value=\"3\" class=\"PlaygroundEditorTheme__listItem\"><span style=\"white-space: pre-wrap;\">Historic merchant houses and temples</span></li><li value=\"4\" class=\"PlaygroundEditorTheme__listItem\"><span style=\"white-space: pre-wrap;\">Tailor-made clothing and handicrafts</span></li></ul><h2 class=\"PlaygroundEditorTheme__h2\"><span style=\"white-space: pre-wrap;\">Top Attractions in Hoi An</span></h2><h3 class=\"PlaygroundEditorTheme__h3\"><span style=\"white-space: pre-wrap;\">1. Hoi An Ancient Town</span></h3><p class=\"PlaygroundEditorTheme__paragraph\"><span style=\"white-space: pre-wrap;\">The Ancient Town is the heart of Hoi An. Walking through its narrow streets, visitors will see yellow-painted houses, wooden balconies, and traditional shops that have remained unchanged for centuries.</span></p><h3 class=\"PlaygroundEditorTheme__h3\"><span style=\"white-space: pre-wrap;\">2. Japanese Covered Bridge</span></h3><p class=\"PlaygroundEditorTheme__paragraph\"><span style=\"white-space: pre-wrap;\">Built in the early 17th century, the Japanese Covered Bridge is one of Hoi An’s most iconic landmarks. It symbolizes the cultural exchange between Japanese and Vietnamese communities.</span></p><h3 class=\"PlaygroundEditorTheme__h3\"><span style=\"white-space: pre-wrap;\">3. Hoi An Night Market</span></h3><p class=\"PlaygroundEditorTheme__paragraph\"><span style=\"white-space: pre-wrap;\">At night, Hoi An transforms into a magical scene illuminated by hundreds of lanterns. The night market is perfect for shopping, street food, and photography.</span></p><h3 class=\"PlaygroundEditorTheme__h3\"><span style=\"white-space: pre-wrap;\">4. An Bang Beach</span></h3><p class=\"PlaygroundEditorTheme__paragraph\"><span style=\"white-space: pre-wrap;\">Just a short drive from the old town, An Bang Beach offers a relaxing escape with soft sand, calm waves, and beachfront cafes.</span></p><h3 class=\"PlaygroundEditorTheme__h3\"><span style=\"white-space: pre-wrap;\">5. Thu Bon River</span></h3><p class=\"PlaygroundEditorTheme__paragraph\"><span style=\"white-space: pre-wrap;\">A boat ride along the Thu Bon River at sunset provides breathtaking views of lantern reflections on the water and is one of the most romantic experiences in Hoi An.</span></p><h2 class=\"PlaygroundEditorTheme__h2\"><span style=\"white-space: pre-wrap;\">Hoi An Lantern Festival</span></h2><p class=\"PlaygroundEditorTheme__paragraph\"><span style=\"white-space: pre-wrap;\">Held every month during the full moon, the Hoi An Lantern Festival is a cultural highlight. Electric lights are turned off, and the town glows entirely by lanterns, creating a truly unforgettable atmosphere.</span></p><h2 class=\"PlaygroundEditorTheme__h2\"><span style=\"white-space: pre-wrap;\">Hoi An Cuisine</span></h2><p class=\"PlaygroundEditorTheme__paragraph\"><span style=\"white-space: pre-wrap;\">Hoi An is famous for its unique local dishes that cannot be found anywhere else.</span></p><ul class=\"PlaygroundEditorTheme__ul\"><li value=\"1\" class=\"PlaygroundEditorTheme__listItem\"><b><strong class=\"PlaygroundEditorTheme__textBold\" style=\"white-space: pre-wrap;\">Cao Lau</strong></b><span style=\"white-space: pre-wrap;\"> – Thick noodles with pork and herbs</span></li><li value=\"2\" class=\"PlaygroundEditorTheme__listItem\"><b><strong class=\"PlaygroundEditorTheme__textBold\" style=\"white-space: pre-wrap;\">White Rose Dumplings</strong></b><span style=\"white-space: pre-wrap;\"> – Delicate shrimp dumplings</span></li><li value=\"3\" class=\"PlaygroundEditorTheme__listItem\"><b><strong class=\"PlaygroundEditorTheme__textBold\" style=\"white-space: pre-wrap;\">Banh Mi Hoi An</strong></b><span style=\"white-space: pre-wrap;\"> – One of the best banh mi in Vietnam</span></li><li value=\"4\" class=\"PlaygroundEditorTheme__listItem\"><b><strong class=\"PlaygroundEditorTheme__textBold\" style=\"white-space: pre-wrap;\">Mi Quang</strong></b><span style=\"white-space: pre-wrap;\"> – Turmeric noodles with meat and vegetables</span></li></ul><h2 class=\"PlaygroundEditorTheme__h2\"><span style=\"white-space: pre-wrap;\">Best Time to Visit Hoi An</span></h2><p class=\"PlaygroundEditorTheme__paragraph\"><span style=\"white-space: pre-wrap;\">The best time to visit Hoi An is from </span><b><strong class=\"PlaygroundEditorTheme__textBold\" style=\"white-space: pre-wrap;\">February to April</strong></b><span style=\"white-space: pre-wrap;\">, when the weather is warm, dry, and ideal for sightseeing. Avoid the rainy season from October to November.</span></p><h2 class=\"PlaygroundEditorTheme__h2\"><span style=\"white-space: pre-wrap;\">Travel Tips for Hoi An</span></h2><ul class=\"PlaygroundEditorTheme__ul\"><li value=\"1\" class=\"PlaygroundEditorTheme__listItem\"><span style=\"white-space: pre-wrap;\">Explore the old town on foot or by bicycle</span></li><li value=\"2\" class=\"PlaygroundEditorTheme__listItem\"><span style=\"white-space: pre-wrap;\">Visit early morning or late afternoon to avoid crowds</span></li><li value=\"3\" class=\"PlaygroundEditorTheme__listItem\"><span style=\"white-space: pre-wrap;\">Bring cash for small shops and markets</span></li><li value=\"4\" class=\"PlaygroundEditorTheme__listItem\"><span style=\"white-space: pre-wrap;\">Dress respectfully when entering temples</span></li></ul><h2 class=\"PlaygroundEditorTheme__h2\"><span style=\"white-space: pre-wrap;\">Conclusion</span></h2><p class=\"PlaygroundEditorTheme__paragraph\"><span style=\"white-space: pre-wrap;\">Hoi An is more than just a destination—it is a feeling. With its glowing lanterns, historic charm, and warm hospitality, Hoi An offers travelers an unforgettable journey into Vietnam’s past and present.</span></p>','{\"badge\":\"Hoi An\",\"title\":\"Experience Hoi An\",\"description\":\"\",\"buttonText\":\"Experience\",\"buttonLink\":\"\",\"backgroundColor\":\"#4c1d95\",\"image\":\"https://res.cloudinary.com/dod6izaze/image/upload/v1766220542/shutterstock_1506184586_resize_0_cfdzud.jpg\"}',0x00,'2025-12-20 06:13:04','2025-12-20 08:49:26'),
('post-interlaken-001','Interlaken Travel Guide: Adventure Capital of the Alps','Nestled between two lakes and beneath Jungfrau peaks, Interlaken is the gateway to thrilling outdoor adventures.','https://grabamile.boardingarea.com/wp-content/uploads/2019/05/Bachalpsee-1440x811.jpg','https://grabamile.boardingarea.com/wp-content/uploads/2019/05/Bachalpsee-1440x811.jpg','interlaken-ch',1,'Dec 31, 2025','12 min read','interlaken-travel-guide','<h1>Interlaken – Switzerland\'s Adventure Playground</h1>\r\n  <p>Between turquoise lakes and towering peaks, adrenaline awaits at every turn.</p>\r\n\r\n  <h2>Why Visit Interlaken?</h2>\r\n  <ul>\r\n    <li>Extreme sports capital: paragliding, skydiving, rafting</li>\r\n    <li>Jungfrau region day trips</li>\r\n    <li>Stunning lakes and waterfalls</li>\r\n    <li>Hiking and biking heaven</li>\r\n  </ul>\r\n\r\n  <h2>Top Attractions in Interlaken</h2>\r\n\r\n  <h3>Jungfraujoch</h3>\r\n  <p>Europe\'s highest train station with ice palace and views.</p>\r\n\r\n  <h3>Paragliding</h3>\r\n  <p>Tandem flights over lakes and mountains.</p>\r\n\r\n  <h3>Lauterbrunnen</h3>\r\n  <p>Valley with 72 waterfalls, including Staubbach.</p>\r\n\r\n  <h3>Harder Kulm</h3>\r\n  <p>Viewpoint restaurant overlooking both lakes.</p>\r\n\r\n  <h2>Culinary Experience</h2>\r\n  <ul>\r\n    <li>Swiss cheese and chocolate fondue</li>\r\n    <li>Local trout from the lakes</li>\r\n    <li>Alpine herbs and rösti</li>\r\n  </ul>\r\n\r\n  <h2>Best Time to Visit Interlaken</h2>\r\n  <p>Summer for adventures or winter for snow sports.</p>\r\n\r\n  <h2>Conclusion</h2>\r\n  <p>Interlaken delivers unforgettable thrills amid jaw-dropping scenery.</p>','{\"title\": \"Explore Interlaken\", \"image\": \"https://grabamile.boardingarea.com/wp-content/uploads/2019/05/Bachalpsee-1440x811.jpg\", \"link\": \"/travel/interlaken\"}',0x00,'2025-12-20 09:14:01','2025-12-20 09:14:01'),
('post-johannesburg-001','Johannesburg Travel Guide: Vibrant Urban Heart','Johannesburg pulses with energy, history, street art, and nearby wildlife safaris.','https://www.andbeyond.com/wp-content/uploads/sites/5/Johannesburg-Skyline.jpg','https://www.andbeyond.com/wp-content/uploads/sites/5/Johannesburg-Skyline.jpg','johannesburg-za',1,'Jan 27, 2026',NULL,'johannesburg-travel-guide','<h1 class=\"PlaygroundEditorTheme__h1\"><span style=\"white-space: pre-wrap;\">Johannesburg – City of Gold Reimagined</span></h1><p class=\"PlaygroundEditorTheme__paragraph\"><span style=\"white-space: pre-wrap;\">Dynamic, diverse, and full of creative energy.</span></p><h2 class=\"PlaygroundEditorTheme__h2\"><span style=\"white-space: pre-wrap;\">Why Visit Johannesburg?</span></h2><ul class=\"PlaygroundEditorTheme__ul\"><li value=\"1\" class=\"PlaygroundEditorTheme__listItem\"><span style=\"white-space: pre-wrap;\">Deep apartheid history lessons</span></li><li value=\"2\" class=\"PlaygroundEditorTheme__listItem\"><span style=\"white-space: pre-wrap;\">Vibrant arts and food scene</span></li><li value=\"3\" class=\"PlaygroundEditorTheme__listItem\"><span style=\"white-space: pre-wrap;\">Gateway to safaris</span></li><li value=\"4\" class=\"PlaygroundEditorTheme__listItem\"><span style=\"white-space: pre-wrap;\">Urban regeneration neighborhoods</span></li></ul><h2 class=\"PlaygroundEditorTheme__h2\"><span style=\"white-space: pre-wrap;\">Top Attractions in Johannesburg</span></h2><h3 class=\"PlaygroundEditorTheme__h3\"><span style=\"white-space: pre-wrap;\">Apartheid Museum</span></h3><p class=\"PlaygroundEditorTheme__paragraph\"><span style=\"white-space: pre-wrap;\">Moving exhibit of South Africa\'s past.</span></p><h3 class=\"PlaygroundEditorTheme__h3\"><span style=\"white-space: pre-wrap;\">Soweto</span></h3><p class=\"PlaygroundEditorTheme__paragraph\"><span style=\"white-space: pre-wrap;\">Vilakazi Street and Hector Pieterson Museum.</span></p><h3 class=\"PlaygroundEditorTheme__h3\"><span style=\"white-space: pre-wrap;\">Maboneng</span></h3><p class=\"PlaygroundEditorTheme__paragraph\"><span style=\"white-space: pre-wrap;\">Trendy precinct with murals and markets.</span></p><h2 class=\"PlaygroundEditorTheme__h2\"><span style=\"white-space: pre-wrap;\">Culinary Experience</span></h2><ul class=\"PlaygroundEditorTheme__ul\"><li value=\"1\" class=\"PlaygroundEditorTheme__listItem\"><span style=\"white-space: pre-wrap;\">Bunny chow and kota</span></li><li value=\"2\" class=\"PlaygroundEditorTheme__listItem\"><span style=\"white-space: pre-wrap;\">Braai meat</span></li><li value=\"3\" class=\"PlaygroundEditorTheme__listItem\"><span style=\"white-space: pre-wrap;\">Craft gin and beer</span></li></ul><h2 class=\"PlaygroundEditorTheme__h2\"><span style=\"white-space: pre-wrap;\">Best Time to Visit Johannesburg</span></h2><p class=\"PlaygroundEditorTheme__paragraph\"><span style=\"white-space: pre-wrap;\">Mild seasons for comfortable sightseeing.</span></p><h2 class=\"PlaygroundEditorTheme__h2\"><span style=\"white-space: pre-wrap;\">Conclusion</span></h2><p class=\"PlaygroundEditorTheme__paragraph\"><span style=\"white-space: pre-wrap;\">Joburg surprises with resilience and creativity.</span></p>','{\"badge\":\"Johannesburg\",\"title\":\"Explore Johannesburg\",\"description\":\"\",\"buttonText\":\"Explore\",\"buttonLink\":\"\",\"backgroundColor\":\"#4c1d95\",\"image\":\"https://www.andbeyond.com/wp-content/uploads/sites/5/Johannesburg-Skyline.jpg\"}',0x00,'2025-12-20 09:17:59','2025-12-20 10:00:29'),
('post-kilimanjaro-001','Mount Kilimanjaro Travel Guide: Africa\'s Highest Peak Climb','Kilimanjaro challenges trekkers with diverse ecosystems from rainforest to arctic summit.','https://explorerspassage.com/wp-content/uploads/2021/07/climbing-kilimanjaro-scaled-1.jpg','https://explorerspassage.com/wp-content/uploads/2021/07/climbing-kilimanjaro-scaled-1.jpg','kilimanjaro-tz',1,'Mar 10, 2026','13 min read','mount-kilimanjaro-travel-guide','<h1>Mount Kilimanjaro – Roof of Africa Trek</h1>\r\n  <p>Non-technical climb to continent\'s highest point.</p>\r\n\r\n  <h2>Why Climb Kilimanjaro?</h2>\r\n  <ul>\r\n    <li>Bucket-list summit achievement</li>\r\n    <li>Varied landscapes in days</li>\r\n    <li>Stunning sunrise from peak</li>\r\n    <li>Porters and guides support</li>\r\n  </ul>\r\n\r\n  <h2>Top Routes on Kilimanjaro</h2>\r\n\r\n  <h3>Machame Route</h3>\r\n  <p>Scenic \"Whiskey\" route.</p>\r\n\r\n  <h3>Lemosho Route</h3>\r\n  <p>Longer with better acclimatization.</p>\r\n\r\n  <h2>Culinary Experience</h2>\r\n  <ul>\r\n    <li>Camp meals with fresh produce</li>\r\n    <li>Summit champagne tradition</li>\r\n  </ul>\r\n\r\n  <h2>Best Time to Climb Kilimanjaro</h2>\r\n  <p>Dry seasons for success rate.</p>\r\n\r\n  <h2>Conclusion</h2>\r\n  <p>Kilimanjaro is life-changing adventure.</p>','{\"title\": \"Explore Kilimanjaro\", \"image\": \"https://explorerspassage.com/wp-content/uploads/2021/07/climbing-kilimanjaro-scaled-1.jpg\", \"link\": \"/travel/kilimanjaro\"}',0x00,'2025-12-20 09:27:16','2025-12-20 09:27:16'),
('post-krabi-001','Krabi Travel Guide: Limestone Cliffs and Crystal Waters','Krabi is famous for dramatic limestone cliffs, turquoise seas, island hopping, and peaceful beaches.','https://upload.wikimedia.org/wikipedia/commons/5/5c/Railay_Beach_Krabi.jpg','https://res.cloudinary.com/dod6izaze/image/upload/v1766219653/prqmkd8ev05bpf8jeqon_jolxsm.jpg','krabi-th',1,'Aug 23, 2025',NULL,'krabi-travel-guide','<h1 class=\"PlaygroundEditorTheme__h1\"><span style=\"white-space: pre-wrap;\">Krabi – Nature at Its Finest</span></h1><p class=\"PlaygroundEditorTheme__paragraph\"><span style=\"white-space: pre-wrap;\">Krabi is one of Thailand’s most scenic destinations, known for stunning rock formations and clear waters.</span></p><h2 class=\"PlaygroundEditorTheme__h2\"><span style=\"white-space: pre-wrap;\">Highlights</span></h2><ul class=\"PlaygroundEditorTheme__ul\"><li value=\"1\" class=\"PlaygroundEditorTheme__listItem\"><span style=\"white-space: pre-wrap;\">Railay Beach</span></li><li value=\"2\" class=\"PlaygroundEditorTheme__listItem\"><span style=\"white-space: pre-wrap;\">Four Islands Tour</span></li><li value=\"3\" class=\"PlaygroundEditorTheme__listItem\"><span style=\"white-space: pre-wrap;\">Emerald Pool</span></li></ul><h2 class=\"PlaygroundEditorTheme__h2\"><span style=\"white-space: pre-wrap;\">Conclusion</span></h2><p class=\"PlaygroundEditorTheme__paragraph\"><span style=\"white-space: pre-wrap;\">Krabi is perfect for relaxation, adventure, and island exploration.</span></p>',NULL,0x00,'2025-12-20 06:34:45','2025-12-20 08:34:26'),
('post-kyoto-001','Kyoto Travel Guide: Japan’s Cultural Capital','Kyoto is the soul of traditional Japan, famous for ancient temples, geisha districts, Zen gardens, and seasonal beauty.','https://upload.wikimedia.org/wikipedia/commons/9/9e/Kyoto_Kinkaku-ji.jpg','https://res.cloudinary.com/dod6izaze/image/upload/v1766220325/1129-0642_kyoto_ufnpyh.jpg','kyoto-jp',1,'Aug 16, 2025',NULL,'kyoto-travel-guide','<h1 class=\"PlaygroundEditorTheme__h1\"><span style=\"white-space: pre-wrap;\">Kyoto – Timeless Beauty of Japan</span></h1><p class=\"PlaygroundEditorTheme__paragraph\"><span style=\"white-space: pre-wrap;\">Once the imperial capital of Japan, Kyoto preserves the country’s most refined traditions and aesthetics.</span></p><h2 class=\"PlaygroundEditorTheme__h2\"><span style=\"white-space: pre-wrap;\">Top Attractions</span></h2><h3 class=\"PlaygroundEditorTheme__h3\"><span style=\"white-space: pre-wrap;\">Kinkaku-ji (Golden Pavilion)</span></h3><p class=\"PlaygroundEditorTheme__paragraph\"><span style=\"white-space: pre-wrap;\">A stunning Zen temple covered in gold leaf, reflected beautifully in its surrounding pond.</span></p><h3 class=\"PlaygroundEditorTheme__h3\"><span style=\"white-space: pre-wrap;\">Fushimi Inari Shrine</span></h3><p class=\"PlaygroundEditorTheme__paragraph\"><span style=\"white-space: pre-wrap;\">Famous for thousands of red torii gates forming magical mountain trails.</span></p><h3 class=\"PlaygroundEditorTheme__h3\"><span style=\"white-space: pre-wrap;\">Gion District</span></h3><p class=\"PlaygroundEditorTheme__paragraph\"><span style=\"white-space: pre-wrap;\">Kyoto’s traditional geisha district, known for wooden houses and historic teahouses.</span></p><h2 class=\"PlaygroundEditorTheme__h2\"><span style=\"white-space: pre-wrap;\">Best Time to Visit</span></h2><p class=\"PlaygroundEditorTheme__paragraph\"><span style=\"white-space: pre-wrap;\">Spring and autumn are the most scenic seasons, with cherry blossoms and colorful maple leaves.</span></p><h2 class=\"PlaygroundEditorTheme__h2\"><span style=\"white-space: pre-wrap;\">Conclusion</span></h2><p class=\"PlaygroundEditorTheme__paragraph\"><span style=\"white-space: pre-wrap;\">Kyoto is the perfect destination to experience Japan’s history, spirituality, and elegance.</span></p>','{\"badge\":\"Kyoto – Timeless Beauty of Japan\",\"title\":\"Visit Kyoto\",\"description\":\"\",\"buttonText\":\"Visit\",\"buttonLink\":\"\",\"backgroundColor\":\"#4c1d95\",\"image\":\"https://res.cloudinary.com/dod6izaze/image/upload/v1766220324/1741965956-kyoto_pu3v4c.avif\"}',0x00,'2025-12-20 06:17:41','2025-12-20 08:46:23'),
('post-lucerne-001','Lucerne Travel Guide: Medieval Charm by the Lake','Lucerne captivates with its covered wooden bridge, snow-capped mountains, and fairy-tale setting.','https://alpexcursion.com/storage/media/Lucerne/s/Chapel-Bridge-in-Lucern_1200.webp','https://alpexcursion.com/storage/media/Lucerne/s/Chapel-Bridge-in-Lucern_1200.webp','lucerne-ch',1,'Dec 28, 2025','10 min read','lucerne-travel-guide','<h1>Lucerne – Picture-Perfect Swiss Gem</h1>\r\n  <p>Surrounded by mountains and lake, Lucerne feels like a postcard come to life.</p>\r\n\r\n  <h2>Why Visit Lucerne?</h2>\r\n  <ul>\r\n    <li>Iconic Chapel Bridge and water tower</li>\r\n    <li>Easy access to alpine excursions</li>\r\n    <li>Charming medieval old town</li>\r\n    <li>Moving Lion Monument</li>\r\n  </ul>\r\n\r\n  <h2>Top Attractions in Lucerne</h2>\r\n\r\n  <h3>Chapel Bridge</h3>\r\n  <p>Europe\'s oldest covered wooden bridge with painted panels.</p>\r\n\r\n  <h3>Lion Monument</h3>\r\n  <p>Touching tribute to Swiss Guards carved into rock.</p>\r\n\r\n  <h3>Lake Lucerne Cruise</h3>\r\n  <p>Steamers with views of Pilatus and Rigi mountains.</p>\r\n\r\n  <h3>Mount Pilatus</h3>\r\n  <p>World\'s steepest cogwheel railway and dragon legends.</p>\r\n\r\n  <h2>Culinary Experience</h2>\r\n  <ul>\r\n    <li>Swiss rösti and cheese fondue</li>\r\n    <li>Lucerne gingerbread</li>\r\n    <li>Lake fish specialties</li>\r\n  </ul>\r\n\r\n  <h2>Best Time to Visit Lucerne</h2>\r\n  <p>Summer for lake activities or winter for snow-capped views.</p>\r\n\r\n  <h2>Conclusion</h2>\r\n  <p>Lucerne is pure Swiss magic – timeless and breathtaking.</p>','{\"title\": \"Explore Lucerne\", \"image\": \"https://alpexcursion.com/storage/media/Lucerne/s/Chapel-Bridge-in-Lucern_1200.webp\", \"link\": \"/travel/lucerne\"}',0x00,'2025-12-20 09:13:56','2025-12-20 09:13:56'),
('post-luxor-001','Luxor Travel Guide: World\'s Greatest Open-Air Museum','Luxor boasts ancient temples and tombs along the Nile – the heart of pharaonic Egypt.','https://cdn.britannica.com/01/178001-050-2DAD3B4E/temple-complex-Nile-River-Egypt-Karnak.jpg','https://cdn.britannica.com/01/178001-050-2DAD3B4E/temple-complex-Nile-River-Egypt-Karnak.jpg','luxor-eg',1,'Jan 18, 2026',NULL,'luxor-travel-guide','<h1 class=\"PlaygroundEditorTheme__h1\"><span style=\"white-space: pre-wrap;\">Luxor – Ancient Thebes Reborn</span></h1><p class=\"PlaygroundEditorTheme__paragraph\"><span style=\"white-space: pre-wrap;\">Once the world\'s richest city, now a treasure trove of antiquity.</span></p><h2 class=\"PlaygroundEditorTheme__h2\"><span style=\"white-space: pre-wrap;\">Why Visit Luxor?</span></h2><ul class=\"PlaygroundEditorTheme__ul\"><li value=\"1\" class=\"PlaygroundEditorTheme__listItem\"><span style=\"white-space: pre-wrap;\">Highest concentration of ancient monuments</span></li><li value=\"2\" class=\"PlaygroundEditorTheme__listItem\"><span style=\"white-space: pre-wrap;\">Sunrise balloon rides over temples</span></li><li value=\"3\" class=\"PlaygroundEditorTheme__listItem\"><span style=\"white-space: pre-wrap;\">Nile felucca sailing</span></li><li value=\"4\" class=\"PlaygroundEditorTheme__listItem\"><span style=\"white-space: pre-wrap;\">Less crowded than Cairo</span></li></ul><h2 class=\"PlaygroundEditorTheme__h2\"><span style=\"white-space: pre-wrap;\">Top Attractions in Luxor</span></h2><h3 class=\"PlaygroundEditorTheme__h3\"><span style=\"white-space: pre-wrap;\">Karnak Temple</span></h3><p class=\"PlaygroundEditorTheme__paragraph\"><span style=\"white-space: pre-wrap;\">Largest religious complex ever built.</span></p><h3 class=\"PlaygroundEditorTheme__h3\"><span style=\"white-space: pre-wrap;\">Valley of the Kings</span></h3><p class=\"PlaygroundEditorTheme__paragraph\"><span style=\"white-space: pre-wrap;\">Colorful tombs including Tutankhamun\'s.</span></p><h3 class=\"PlaygroundEditorTheme__h3\"><span style=\"white-space: pre-wrap;\">Luxor Temple</span></h3><p class=\"PlaygroundEditorTheme__paragraph\"><span style=\"white-space: pre-wrap;\">Magnificent at night with illuminations.</span></p><h3 class=\"PlaygroundEditorTheme__h3\"><span style=\"white-space: pre-wrap;\">Hatshepsut Temple</span></h3><p class=\"PlaygroundEditorTheme__paragraph\"><span style=\"white-space: pre-wrap;\">Stunning terraced architecture against cliffs.</span></p><h2 class=\"PlaygroundEditorTheme__h2\"><span style=\"white-space: pre-wrap;\">Culinary Experience</span></h2><ul class=\"PlaygroundEditorTheme__ul\"><li value=\"1\" class=\"PlaygroundEditorTheme__listItem\"><span style=\"white-space: pre-wrap;\">Traditional Egyptian dishes</span></li><li value=\"2\" class=\"PlaygroundEditorTheme__listItem\"><span style=\"white-space: pre-wrap;\">Fresh Nile fish</span></li><li value=\"3\" class=\"PlaygroundEditorTheme__listItem\"><span style=\"white-space: pre-wrap;\">Karkadeh hibiscus tea</span></li></ul><h2 class=\"PlaygroundEditorTheme__h2\"><span style=\"white-space: pre-wrap;\">Best Time to Visit Luxor</span></h2><p class=\"PlaygroundEditorTheme__paragraph\"><span style=\"white-space: pre-wrap;\">Winter for bearable temperatures.</span></p><h2 class=\"PlaygroundEditorTheme__h2\"><span style=\"white-space: pre-wrap;\">Conclusion</span></h2><p class=\"PlaygroundEditorTheme__paragraph\"><span style=\"white-space: pre-wrap;\">Luxor transports you straight to ancient Egypt\'s glory.</span></p>','{\"badge\":\"Luxor\",\"title\":\"Explore Luxor\",\"description\":\"\",\"buttonText\":\"Explore\",\"buttonLink\":\"\",\"backgroundColor\":\"#4c1d95\",\"image\":\"https://cdn.britannica.com/01/178001-050-2DAD3B4E/temple-complex-Nile-River-Egypt-Karnak.jpg\"}',0x00,'2025-12-20 09:17:36','2025-12-20 10:04:52'),
('post-lyon-001','Lyon Travel Guide: France’s Culinary and Cultural Capital','Lyon is renowned for its rich history, Renaissance architecture, vibrant arts scene, and world-class gastronomy.','https://upload.wikimedia.org/wikipedia/commons/6/63/Lyon_Panorama.jpg','https://res.cloudinary.com/dod6izaze/image/upload/v1766223801/lyon_e2qoni.jpg','lyon-fr',1,'Sep 03, 2025',NULL,'lyon-travel-guide','<h1 class=\"PlaygroundEditorTheme__h1\"><span style=\"white-space: pre-wrap;\">Lyon – France’s Historic and Culinary Gem</span></h1><p class=\"PlaygroundEditorTheme__paragraph\"><span style=\"white-space: pre-wrap;\">Lyon is the third-largest city in France, famous for its historic neighborhoods, Roman ruins, Renaissance architecture, and as a gastronomic capital.</span></p><h2 class=\"PlaygroundEditorTheme__h2\"><span style=\"white-space: pre-wrap;\">Why Visit Lyon?</span></h2><ul class=\"PlaygroundEditorTheme__ul\"><li value=\"1\" class=\"PlaygroundEditorTheme__listItem\"><span style=\"white-space: pre-wrap;\">Rich history dating back to Roman times</span></li><li value=\"2\" class=\"PlaygroundEditorTheme__listItem\"><span style=\"white-space: pre-wrap;\">Famed culinary traditions and bouchons</span></li><li value=\"3\" class=\"PlaygroundEditorTheme__listItem\"><span style=\"white-space: pre-wrap;\">Beautiful riverfronts and hilltop viewpoints</span></li><li value=\"4\" class=\"PlaygroundEditorTheme__listItem\"><span style=\"white-space: pre-wrap;\">Vibrant arts, festivals, and cultural events</span></li></ul><h2 class=\"PlaygroundEditorTheme__h2\"><span style=\"white-space: pre-wrap;\">Top Attractions in Lyon</span></h2><h3 class=\"PlaygroundEditorTheme__h3\"><span style=\"white-space: pre-wrap;\">Vieux Lyon</span></h3><p class=\"PlaygroundEditorTheme__paragraph\"><span style=\"white-space: pre-wrap;\">This Renaissance district features narrow cobblestone streets, colorful buildings, and quaint shops, perfect for walking and exploring.</span></p><h3 class=\"PlaygroundEditorTheme__h3\"><span style=\"white-space: pre-wrap;\">Basilica of Notre-Dame de Fourvière</span></h3><p class=\"PlaygroundEditorTheme__paragraph\"><span style=\"white-space: pre-wrap;\">Perched on a hill, this iconic church offers panoramic views of Lyon and stunning architectural details inside and out.</span></p><h3 class=\"PlaygroundEditorTheme__h3\"><span style=\"white-space: pre-wrap;\">Parc de la Tête d’Or</span></h3><p class=\"PlaygroundEditorTheme__paragraph\"><span style=\"white-space: pre-wrap;\">One of Europe’s largest urban parks, featuring a lake, botanical gardens, a zoo, and plenty of green space for relaxation.</span></p><h3 class=\"PlaygroundEditorTheme__h3\"><span style=\"white-space: pre-wrap;\">Lyon’s Museums</span></h3><p class=\"PlaygroundEditorTheme__paragraph\"><span style=\"white-space: pre-wrap;\">Notable museums include the Museum of Fine Arts and the Musée des Confluences, offering a mix of art, science, and history.</span></p><h2 class=\"PlaygroundEditorTheme__h2\"><span style=\"white-space: pre-wrap;\">Culinary Experience</span></h2><ul class=\"PlaygroundEditorTheme__ul\"><li value=\"1\" class=\"PlaygroundEditorTheme__listItem\"><span style=\"white-space: pre-wrap;\">Bouchons Lyonnais (traditional local restaurants)</span></li><li value=\"2\" class=\"PlaygroundEditorTheme__listItem\"><span style=\"white-space: pre-wrap;\">Quenelles de brochet (pike dumplings)</span></li><li value=\"3\" class=\"PlaygroundEditorTheme__listItem\"><span style=\"white-space: pre-wrap;\">Pralines and local pastries</span></li><li value=\"4\" class=\"PlaygroundEditorTheme__listItem\"><span style=\"white-space: pre-wrap;\">French wines from nearby Beaujolais</span></li></ul><h2 class=\"PlaygroundEditorTheme__h2\"><span style=\"white-space: pre-wrap;\">Best Time to Visit Lyon</span></h2><p class=\"PlaygroundEditorTheme__paragraph\"><span style=\"white-space: pre-wrap;\">Spring (April–June) and autumn (September–October) are ideal for exploring the city comfortably.</span></p><h2 class=\"PlaygroundEditorTheme__h2\"><span style=\"white-space: pre-wrap;\">Conclusion</span></h2><p class=\"PlaygroundEditorTheme__paragraph\"><span style=\"white-space: pre-wrap;\">Lyon combines history, culture, and gastronomy, making it a must-visit destination for travelers seeking authentic French experiences.</span></p>','{\"badge\":\"Lyon\",\"title\":\"Discover Lyon\",\"description\":\"\",\"buttonText\":\"Discover\",\"buttonLink\":\"\",\"backgroundColor\":\"#4c1d95\",\"image\":\"https://res.cloudinary.com/dod6izaze/image/upload/v1766223800/lyon-FR_vqv86v.jpg\"}',0x00,'2025-12-20 08:58:20','2025-12-20 09:43:39'),
('post-madrid-001','Madrid Travel Guide: Spain\'s Vibrant Capital','Madrid pulses with royal history, world-class art, and endless energy.','https://upload.wikimedia.org/wikipedia/commons/5/5f/Madrid_Panorama.jpg','https://res.cloudinary.com/dod6izaze/image/upload/v1766224790/community-of-madrid_nglhma.jpg','madrid-es',1,'Jan 28, 2026',NULL,'madrid-travel-guide','<h1 class=\"PlaygroundEditorTheme__h1\"><span style=\"white-space: pre-wrap;\">Madrid – Royal Elegance Meets Modern Buzz</span></h1><p class=\"PlaygroundEditorTheme__paragraph\"><span style=\"white-space: pre-wrap;\">The Spanish capital offers grand boulevards, magnificent museums, and lively tapas culture.</span></p><h2 class=\"PlaygroundEditorTheme__h2\"><span style=\"white-space: pre-wrap;\">Why Visit Madrid?</span></h2><ul class=\"PlaygroundEditorTheme__ul\"><li value=\"1\" class=\"PlaygroundEditorTheme__listItem\"><span style=\"white-space: pre-wrap;\">World-class museums in the Golden Triangle of Art</span></li><li value=\"2\" class=\"PlaygroundEditorTheme__listItem\"><span style=\"white-space: pre-wrap;\">Stunning Royal Palace and gardens</span></li><li value=\"3\" class=\"PlaygroundEditorTheme__listItem\"><span style=\"white-space: pre-wrap;\">Vibrant nightlife and tapas scene</span></li><li value=\"4\" class=\"PlaygroundEditorTheme__listItem\"><span style=\"white-space: pre-wrap;\">Beautiful parks and green spaces</span></li></ul><h2 class=\"PlaygroundEditorTheme__h2\"><span style=\"white-space: pre-wrap;\">Top Attractions in Madrid</span></h2><h3 class=\"PlaygroundEditorTheme__h3\"><span style=\"white-space: pre-wrap;\">Royal Palace</span></h3><p class=\"PlaygroundEditorTheme__paragraph\"><span style=\"white-space: pre-wrap;\">Europe\'s largest functioning royal palace with opulent rooms.</span></p><h3 class=\"PlaygroundEditorTheme__h3\"><span style=\"white-space: pre-wrap;\">Prado Museum</span></h3><p class=\"PlaygroundEditorTheme__paragraph\"><span style=\"white-space: pre-wrap;\">One of the world\'s finest art collections.</span></p><h3 class=\"PlaygroundEditorTheme__h3\"><span style=\"white-space: pre-wrap;\">Retiro Park</span></h3><p class=\"PlaygroundEditorTheme__paragraph\"><span style=\"white-space: pre-wrap;\">Row boats on the lake and visit the Crystal Palace.</span></p><h3 class=\"PlaygroundEditorTheme__h3\"><span style=\"white-space: pre-wrap;\">Plaza Mayor</span></h3><p class=\"PlaygroundEditorTheme__paragraph\"><span style=\"white-space: pre-wrap;\">Historic square perfect for coffee and people-watching.</span></p><h3 class=\"PlaygroundEditorTheme__h3\"><span style=\"white-space: pre-wrap;\">Gran Vía</span></h3><p class=\"PlaygroundEditorTheme__paragraph\"><span style=\"white-space: pre-wrap;\">Shopping, theaters, and rooftop bars.</span></p><h2 class=\"PlaygroundEditorTheme__h2\"><span style=\"white-space: pre-wrap;\">Culinary Experience</span></h2><ul class=\"PlaygroundEditorTheme__ul\"><li value=\"1\" class=\"PlaygroundEditorTheme__listItem\"><span style=\"white-space: pre-wrap;\">Churros con chocolate</span></li><li value=\"2\" class=\"PlaygroundEditorTheme__listItem\"><span style=\"white-space: pre-wrap;\">Cocido madrileño stew</span></li><li value=\"3\" class=\"PlaygroundEditorTheme__listItem\"><span style=\"white-space: pre-wrap;\">Tapas in La Latina</span></li><li value=\"4\" class=\"PlaygroundEditorTheme__listItem\"><span style=\"white-space: pre-wrap;\">Vermouth and jamón ibérico</span></li></ul><h2 class=\"PlaygroundEditorTheme__h2\"><span style=\"white-space: pre-wrap;\">Best Time to Visit Madrid</span></h2><p class=\"PlaygroundEditorTheme__paragraph\"><span style=\"white-space: pre-wrap;\">Spring or autumn to avoid summer heat.</span></p><h2 class=\"PlaygroundEditorTheme__h2\"><span style=\"white-space: pre-wrap;\">Conclusion</span></h2><p class=\"PlaygroundEditorTheme__paragraph\"><span style=\"white-space: pre-wrap;\">Madrid welcomes you with open arms – elegant yet effortlessly cool.</span></p>','{\"badge\":\"Madrid\",\"title\":\"Discover Madrid\",\"description\":\"\",\"buttonText\":\"Discover\",\"buttonLink\":\"\",\"backgroundColor\":\"#4c1d95\",\"image\":\"https://res.cloudinary.com/dod6izaze/image/upload/v1766224788/0_-_BCC-2023-MADRID-LANDMARKS-0_wvhdtj.webp\"}',0x00,'2025-12-20 09:09:31','2025-12-20 10:00:11'),
('post-marrakech-001','Marrakech Travel Guide: Morocco\'s Red City of Wonders','Marrakech enchants with bustling souks, majestic palaces, and vibrant riads in a sea of red walls.','https://media.istockphoto.com/id/1294321554/photo/koutoubia-mosque-in-the-morning-marrakesh-morocco.jpg?s=612x612&w=0&k=20&c=pT-d0PhwqvBYqT6_fTHzUUCdxlXCnNk-HN1rYqlH0k0=','https://media.istockphoto.com/id/1294321554/photo/koutoubia-mosque-in-the-morning-marrakesh-morocco.jpg?s=612x612&w=0&k=20&c=pT-d0PhwqvBYqT6_fTHzUUCdxlXCnNk-HN1rYqlH0k0=','marrakech-ma',1,'Feb 08, 2026','12 min read','marrakech-travel-guide','<h1>Marrakech – Exotic Heart of Morocco</h1>\r\n  <p>The Red City pulses with color, aroma, and history at every turn.</p>\r\n\r\n  <h2>Why Visit Marrakech?</h2>\r\n  <ul>\r\n    <li>Chaotic yet charming medina and souks</li>\r\n    <li>Luxurious riads and hammams</li>\r\n    <li>Stunning Islamic architecture</li>\r\n    <li>Gateway to Atlas Mountains and desert</li>\r\n  </ul>\r\n\r\n  <h2>Top Attractions in Marrakech</h2>\r\n\r\n  <h3>Jemaa el-Fnaa</h3>\r\n  <p>UNESCO square alive with performers and markets.</p>\r\n\r\n  <h3>Bahia Palace</h3>\r\n  <p>19th-century masterpiece of Moroccan art.</p>\r\n\r\n  <h3>Majorelle Garden</h3>\r\n  <p>Yves Saint Laurent\'s blue oasis.</p>\r\n\r\n  <h3>Medina Souks</h3>\r\n  <p>Bargain for spices, textiles, and crafts.</p>\r\n\r\n  <h2>Culinary Experience</h2>\r\n  <ul>\r\n    <li>Tagine and couscous</li>\r\n    <li>Mint tea and pastilla</li>\r\n    <li>Street food at Jemaa el-Fnaa</li>\r\n  </ul>\r\n\r\n  <h2>Best Time to Visit Marrakech</h2>\r\n  <p>Spring or autumn to avoid extreme heat.</p>\r\n\r\n  <h2>Conclusion</h2>\r\n  <p>Marrakech overwhelms and delights – pure sensory magic.</p>','{\"title\": \"Explore Marrakech\", \"image\": \"https://media.istockphoto.com/id/1294321554/photo/koutoubia-mosque-in-the-morning-marrakesh-morocco.jpg?s=612x612&w=0&k=20&c=pT-d0PhwqvBYqT6_fTHzUUCdxlXCnNk-HN1rYqlH0k0=\", \"link\": \"/travel/marrakech\"}',0x00,'2025-12-20 09:19:25','2025-12-20 09:19:25'),
('post-marseille-001','Marseille Travel Guide: France’s Vibrant Mediterranean Port','Marseille, France’s oldest city and major port, is known for its diverse culture, stunning Calanques, historic districts, and iconic seafood cuisine.','https://upload.wikimedia.org/wikipedia/commons/1/16/Marseille_Vieux_Port_Panorama.jpg','https://res.cloudinary.com/dod6izaze/image/upload/v1766223728/marseille-france-port_ibicva.webp','marseille-fr',1,'Sep 10, 2025',NULL,'marseille-travel-guide','<h1 class=\"PlaygroundEditorTheme__h1\"><span style=\"white-space: pre-wrap;\">Marseille – France’s Oldest and Most Vibrant Port City</span></h1><p class=\"PlaygroundEditorTheme__paragraph\"><span style=\"white-space: pre-wrap;\">Marseille, founded by the Greeks around 600 BC, is France’s second-largest city and a major Mediterranean port. It’s a dynamic melting pot of cultures with dramatic coastal landscapes, historic neighborhoods, and a renowned gastronomic scene focused on fresh seafood.</span></p><h2 class=\"PlaygroundEditorTheme__h2\"><span style=\"white-space: pre-wrap;\">Why Visit Marseille?</span></h2><ul class=\"PlaygroundEditorTheme__ul\"><li value=\"1\" class=\"PlaygroundEditorTheme__listItem\"><span style=\"white-space: pre-wrap;\">One of Europe’s oldest cities with deep historical roots</span></li><li value=\"2\" class=\"PlaygroundEditorTheme__listItem\"><span style=\"white-space: pre-wrap;\">Spectacular natural beauty, including the Calanques</span></li><li value=\"3\" class=\"PlaygroundEditorTheme__listItem\"><span style=\"white-space: pre-wrap;\">Rich multicultural atmosphere and vibrant street life</span></li><li value=\"4\" class=\"PlaygroundEditorTheme__listItem\"><span style=\"white-space: pre-wrap;\">Exceptional seafood and Provençal culinary traditions</span></li></ul><h2 class=\"PlaygroundEditorTheme__h2\"><span style=\"white-space: pre-wrap;\">Top Attractions in Marseille</span></h2><h3 class=\"PlaygroundEditorTheme__h3\"><span style=\"white-space: pre-wrap;\">Vieux Port</span></h3><p class=\"PlaygroundEditorTheme__paragraph\"><span style=\"white-space: pre-wrap;\">The historic old harbor is the beating heart of the city, lined with boats, cafes, and daily fish markets.</span></p><h3 class=\"PlaygroundEditorTheme__h3\"><span style=\"white-space: pre-wrap;\">Basilique Notre-Dame de la Garde</span></h3><p class=\"PlaygroundEditorTheme__paragraph\"><span style=\"white-space: pre-wrap;\">This iconic hilltop basilica offers breathtaking panoramic views of Marseille and the Mediterranean Sea.</span></p><h3 class=\"PlaygroundEditorTheme__h3\"><span style=\"white-space: pre-wrap;\">Le Panier</span></h3><p class=\"PlaygroundEditorTheme__paragraph\"><span style=\"white-space: pre-wrap;\">The city’s oldest quarter, with narrow winding streets, colorful facades, street art, and historic charm.</span></p><h3 class=\"PlaygroundEditorTheme__h3\"><span style=\"white-space: pre-wrap;\">Calanques National Park</span></h3><p class=\"PlaygroundEditorTheme__paragraph\"><span style=\"white-space: pre-wrap;\">Dramatic fjord-like inlets with crystal-clear waters, perfect for hiking, climbing, and boat tours.</span></p><h3 class=\"PlaygroundEditorTheme__h3\"><span style=\"white-space: pre-wrap;\">MuCEM (Museum of European and Mediterranean Civilisations)</span></h3><p class=\"PlaygroundEditorTheme__paragraph\"><span style=\"white-space: pre-wrap;\">A striking modern museum connected to a historic fort, exploring Mediterranean history and culture.</span></p><h2 class=\"PlaygroundEditorTheme__h2\"><span style=\"white-space: pre-wrap;\">Culinary Experience</span></h2><ul class=\"PlaygroundEditorTheme__ul\"><li value=\"1\" class=\"PlaygroundEditorTheme__listItem\"><span style=\"white-space: pre-wrap;\">Bouillabaisse – the traditional rich fish stew</span></li><li value=\"2\" class=\"PlaygroundEditorTheme__listItem\"><span style=\"white-space: pre-wrap;\">Fresh seafood platters and grilled fish</span></li><li value=\"3\" class=\"PlaygroundEditorTheme__listItem\"><span style=\"white-space: pre-wrap;\">Provençal specialties like aïoli and soupe de poisson</span></li><li value=\"4\" class=\"PlaygroundEditorTheme__listItem\"><span style=\"white-space: pre-wrap;\">Navette biscuits and pastis as local favorites</span></li></ul><h2 class=\"PlaygroundEditorTheme__h2\"><span style=\"white-space: pre-wrap;\">Best Time to Visit Marseille</span></h2><p class=\"PlaygroundEditorTheme__paragraph\"><span style=\"white-space: pre-wrap;\">Spring (April–June) and autumn (September–October) provide mild weather ideal for sightseeing; summer is best for beaches and Calanques but hotter and more crowded.</span></p><h2 class=\"PlaygroundEditorTheme__h2\"><span style=\"white-space: pre-wrap;\">Conclusion</span></h2><p class=\"PlaygroundEditorTheme__paragraph\"><span style=\"white-space: pre-wrap;\">Marseille captivates with its raw energy, natural beauty, and authentic Mediterranean spirit – a must-visit for travelers seeking something beyond typical French clichés.</span></p>','{\"badge\":\"Marseille\",\"title\":\"Discover Marseille\",\"description\":\"\",\"buttonText\":\"Discover\",\"buttonLink\":\"\",\"backgroundColor\":\"#4c1d95\",\"image\":\"https://res.cloudinary.com/dod6izaze/image/upload/v1766223729/marseille_1200x800_nmfsd2.png\"}',0x00,'2025-12-20 09:05:07','2025-12-20 09:42:30'),
('post-milan-001','Milan Travel Guide: Italy’s Fashion and Design Capital','Milan blends historic grandeur with modern sophistication, known for fashion, opera, and Leonardo da Vinci’s masterpieces.','https://upload.wikimedia.org/wikipedia/commons/5/5d/Milan_Panorama.jpg','https://upload.wikimedia.org/wikipedia/commons/thumb/5/5d/Milan_Panorama.jpg/640px-Milan_Panorama.jpg','milan-it',1,'Jan 15, 2026','10 min read','milan-travel-guide','<h1>Milan – The Stylish Heart of Northern Italy</h1>\r\n  <p>Milan is Italy’s economic powerhouse, famous for fashion weeks, exquisite architecture, and cultural landmarks.</p>\r\n\r\n  <h2>Why Visit Milan?</h2>\r\n  <ul>\r\n    <li>World-class shopping and fashion districts</li>\r\n    <li>Iconic Duomo and rooftop views</li>\r\n    <li>Leonardo’s Last Supper and opera at La Scala</li>\r\n    <li>Vibrant aperitivo culture</li>\r\n  </ul>\r\n\r\n  <h2>Top Attractions in Milan</h2>\r\n\r\n  <h3>Duomo di Milano</h3>\r\n  <p>Gothic cathedral with stunning rooftop terraces.</p>\r\n\r\n  <h3>Galleria Vittorio Emanuele II</h3>\r\n  <p>Elegant 19th-century shopping arcade.</p>\r\n\r\n  <h3>The Last Supper</h3>\r\n  <p>Leonardo da Vinci’s masterpiece in Santa Maria delle Grazie.</p>\r\n\r\n  <h3>Castello Sforzesco</h3>\r\n  <p>Historic castle with museums and parks.</p>\r\n\r\n  <h3>Navigli Canals</h3>\r\n  <p>Lively area for evening aperitivo and nightlife.</p>\r\n\r\n  <h2>Culinary Experience</h2>\r\n  <ul>\r\n    <li>Risotto alla Milanese (saffron risotto)</li>\r\n    <li>Ossobuco with polenta</li>\r\n    <li>Panettone and aperitivo spreads</li>\r\n    <li>Cotoletta alla Milanese</li>\r\n  </ul>\r\n\r\n  <h2>Best Time to Visit Milan</h2>\r\n  <p>Spring (April–June) and autumn (September–October); Fashion Weeks in February and September add excitement.</p>\r\n\r\n  <h2>Conclusion</h2>\r\n  <p>Milan offers a perfect mix of history, style, and modern Italian flair.</p>','{\"title\": \"Discover Milan\", \"image\": \"https://upload.wikimedia.org/wikipedia/commons/5/5d/Milan_Panorama.jpg\", \"link\": \"/travel/milan\"}',0x00,'2025-12-20 09:06:51','2025-12-20 09:06:51'),
('post-mountfuji-001','Mount Fuji Travel Guide: Japan’s Sacred Mountain','Mount Fuji is Japan’s most iconic symbol, attracting climbers, photographers, and spiritual seekers from around the world.','https://upload.wikimedia.org/wikipedia/commons/1/12/Mount_Fuji_from_Lake_Kawaguchi.jpg','https://res.cloudinary.com/dod6izaze/image/upload/v1766220105/100462016_zpecvy.jpg','mountfuji-jp',1,'Aug 19, 2025',NULL,'mount-fuji-travel-guide','<h1 class=\"PlaygroundEditorTheme__h1\"><span style=\"white-space: pre-wrap;\">Mount Fuji – The Sacred Peak of Japan</span></h1><p class=\"PlaygroundEditorTheme__paragraph\"><span style=\"white-space: pre-wrap;\">Mount Fuji is Japan’s highest mountain and a UNESCO World Heritage Site. It has inspired artists, poets, and pilgrims for centuries.</span></p><h2 class=\"PlaygroundEditorTheme__h2\"><span style=\"white-space: pre-wrap;\">Things to Do</span></h2><ul class=\"PlaygroundEditorTheme__ul\"><li value=\"1\" class=\"PlaygroundEditorTheme__listItem\"><span style=\"white-space: pre-wrap;\">Climb during summer season</span></li><li value=\"2\" class=\"PlaygroundEditorTheme__listItem\"><span style=\"white-space: pre-wrap;\">Visit Lake Kawaguchi</span></li><li value=\"3\" class=\"PlaygroundEditorTheme__listItem\"><span style=\"white-space: pre-wrap;\">Photography and sunrise views</span></li></ul><h2 class=\"PlaygroundEditorTheme__h2\"><span style=\"white-space: pre-wrap;\">Conclusion</span></h2><p class=\"PlaygroundEditorTheme__paragraph\"><span style=\"white-space: pre-wrap;\">Mount Fuji is not just a mountain, but a spiritual symbol of Japan itself.</span></p>','{\"badge\":\"Mount Fuji\",\"title\":\"Discover Mount Fuji\",\"description\":\"\",\"buttonText\":\"Discover\",\"buttonLink\":\"\",\"backgroundColor\":\"#4c1d95\",\"image\":\"https://res.cloudinary.com/dod6izaze/image/upload/v1766220139/1_mt_fuji_uhypny.jpg\"}',0x00,'2025-12-20 06:19:00','2025-12-20 08:42:41'),
('post-munich-001','Munich Travel Guide: Bavaria\'s Beer Capital','Munich combines Bavarian traditions, grand palaces, and world-famous Oktoberfest in a lively alpine setting.','https://www.shutterstock.com/image-photo/munich-germany-may-27-2016-260nw-2643691999.jpg','https://www.shutterstock.com/image-photo/munich-germany-may-27-2016-260nw-2643691999.jpg','munich-de',1,'Feb 14, 2026','12 min read','munich-travel-guide','<h1>Munich – Heart of Bavaria</h1>\r\n  <p>Munich blends old-world charm with modern energy, surrounded by the Alps.</p>\r\n\r\n  <h2>Why Visit Munich?</h2>\r\n  <ul>\r\n    <li>Oktoberfest and legendary beer halls</li>\r\n    <li>Beautiful palaces and parks</li>\r\n    <li>Rich Bavarian culture and food</li>\r\n    <li>Easy day trips to castles and mountains</li>\r\n  </ul>\r\n\r\n  <h2>Top Attractions in Munich</h2>\r\n\r\n  <h3>Marienplatz</h3>\r\n  <p>Watch the Glockenspiel show at the New Town Hall.</p>\r\n\r\n  <h3>English Garden</h3>\r\n  <p>Relax, surf the river wave, or enjoy a beer garden.</p>\r\n\r\n  <h3>Nymphenburg Palace</h3>\r\n  <p>Stunning Baroque palace with pavilion and gardens.</p>\r\n\r\n  <h3>Viktualienmarkt</h3>\r\n  <p>Outdoor market for pretzels, sausages, and beer.</p>\r\n\r\n  <h3>Hofbräuhaus</h3>\r\n  <p>Iconic beer hall for liters of beer and oompah bands.</p>\r\n\r\n  <h2>Culinary Experience</h2>\r\n  <ul>\r\n    <li>Weißwurst and pretzels</li>\r\n    <li>Schweinshaxe (pork knuckle)</li>\r\n    <li>Bavarian beers</li>\r\n    <li>Apfelstrudel</li>\r\n  </ul>\r\n\r\n  <h2>Best Time to Visit Munich</h2>\r\n  <p>September for Oktoberfest or summer for outdoor activities.</p>\r\n\r\n  <h2>Conclusion</h2>\r\n  <p>Munich offers gemütlichkeit – cozy Bavarian hospitality at its best.</p>','{\"title\": \"Explore Munich\", \"image\": \"https://www.shutterstock.com/image-photo/munich-germany-may-27-2016-260nw-2643691999.jpg\", \"link\": \"/travel/munich\"}',0x00,'2025-12-20 09:11:41','2025-12-20 09:11:41'),
('post-nairobi-001','Nairobi Travel Guide: Kenya\'s Vibrant Capital','Nairobi blends urban energy, wildlife experiences, and cultural attractions.','https://media.istockphoto.com/id/637912692/photo/nairobi-cityscape-capital-city-of-kenya.jpg?s=612x612&w=0&k=20&c=S8wPNq9om-IMcapXFC030ew28nhpYCFYBStX5yxCQbs=','https://media.istockphoto.com/id/637912692/photo/nairobi-cityscape-capital-city-of-kenya.jpg?s=612x612&w=0&k=20&c=S8wPNq9om-IMcapXFC030ew28nhpYCFYBStX5yxCQbs=','nairobi-ke',1,'Feb 26, 2026','11 min read','nairobi-travel-guide','<h1>Nairobi – Green City in the Sun</h1>\r\n  <p>Modern metropolis with wildlife on doorstep.</p>\r\n\r\n  <h2>Why Visit Nairobi?</h2>\r\n  <ul>\r\n    <li>Unique urban safari</li>\r\n    <li>Elephant and giraffe sanctuaries</li>\r\n    <li>Vibrant food and nightlife</li>\r\n    <li>Gateway to Kenya adventures</li>\r\n  </ul>\r\n\r\n  <h2>Top Attractions in Nairobi</h2>\r\n\r\n  <h3>Nairobi National Park</h3>\r\n  <p>Animals with skyscrapers backdrop.</p>\r\n\r\n  <h3>Giraffe Centre</h3>\r\n  <p>Hand-feed endangered giraffes.</p>\r\n\r\n  <h3>Elephant Orphanage</h3>\r\n  <p>Baby elephant rescues.</p>\r\n\r\n  <h2>Culinary Experience</h2>\r\n  <ul>\r\n    <li>Nyama choma barbecue</li>\r\n    <li>Ugali and sukuma wiki</li>\r\n    <li>International fusion</li>\r\n  </ul>\r\n\r\n  <h2>Best Time to Visit Nairobi</h2>\r\n  <p>Dry season for clear views.</p>\r\n\r\n  <h2>Conclusion</h2>\r\n  <p>Nairobi surprises with nature and culture.</p>','{\"title\": \"Explore Nairobi\", \"image\": \"https://media.istockphoto.com/id/637912692/photo/nairobi-cityscape-capital-city-of-kenya.jpg?s=612x612&w=0&k=20&c=S8wPNq9om-IMcapXFC030ew28nhpYCFYBStX5yxCQbs=\", \"link\": \"/travel/nairobi\"}',0x00,'2025-12-20 09:20:37','2025-12-20 09:20:37'),
('post-naples-001','Naples Travel Guide: The Vibrant Soul of Southern Italy','Naples is a chaotic yet captivating city famous for pizza, ancient underground tunnels, and proximity to Pompeii and the Amalfi Coast.','https://upload.wikimedia.org/wikipedia/commons/8/8e/Naples_Panorama.jpg','https://res.cloudinary.com/dod6izaze/image/upload/v1766224998/naples-travel-guide_pgr4h7.jpg','naples-it',1,'Jan 22, 2026',NULL,'naples-travel-guide','<h1 class=\"PlaygroundEditorTheme__h1\"><span style=\"white-space: pre-wrap;\">Naples – The Passionate Heart of Campania</span></h1><p class=\"PlaygroundEditorTheme__paragraph\"><span style=\"white-space: pre-wrap;\">Naples pulses with energy, offering stunning bay views, historic streets, and the world’s best pizza.</span></p><h2 class=\"PlaygroundEditorTheme__h2\"><span style=\"white-space: pre-wrap;\">Why Visit Naples?</span></h2><ul class=\"PlaygroundEditorTheme__ul\"><li value=\"1\" class=\"PlaygroundEditorTheme__listItem\"><span style=\"white-space: pre-wrap;\">Birthplace of pizza and rich street food culture</span></li><li value=\"2\" class=\"PlaygroundEditorTheme__listItem\"><span style=\"white-space: pre-wrap;\">Underground tunnels and ancient ruins</span></li><li value=\"3\" class=\"PlaygroundEditorTheme__listItem\"><span style=\"white-space: pre-wrap;\">Proximity to Pompeii, Vesuvius, and Capri</span></li><li value=\"4\" class=\"PlaygroundEditorTheme__listItem\"><span style=\"white-space: pre-wrap;\">Vibrant local life and Baroque churches</span></li></ul><h2 class=\"PlaygroundEditorTheme__h2\"><span style=\"white-space: pre-wrap;\">Top Attractions in Naples</span></h2><h3 class=\"PlaygroundEditorTheme__h3\"><span style=\"white-space: pre-wrap;\">Napoli Sotterranea</span></h3><p class=\"PlaygroundEditorTheme__paragraph\"><span style=\"white-space: pre-wrap;\">Ancient underground tunnels and aqueducts.</span></p><h3 class=\"PlaygroundEditorTheme__h3\"><span style=\"white-space: pre-wrap;\">Castel dell’Ovo</span></h3><p class=\"PlaygroundEditorTheme__paragraph\"><span style=\"white-space: pre-wrap;\">Seaside castle with panoramic views.</span></p><h3 class=\"PlaygroundEditorTheme__h3\"><span style=\"white-space: pre-wrap;\">Cappella Sansevero</span></h3><p class=\"PlaygroundEditorTheme__paragraph\"><span style=\"white-space: pre-wrap;\">Stunning Baroque chapel with the Veiled Christ sculpture.</span></p><h3 class=\"PlaygroundEditorTheme__h3\"><span style=\"white-space: pre-wrap;\">Lungomare Promenade</span></h3><p class=\"PlaygroundEditorTheme__paragraph\"><span style=\"white-space: pre-wrap;\">Scenic waterfront walk with Vesuvius views.</span></p><h3 class=\"PlaygroundEditorTheme__h3\"><span style=\"white-space: pre-wrap;\">National Archaeological Museum</span></h3><p class=\"PlaygroundEditorTheme__paragraph\"><span style=\"white-space: pre-wrap;\">Treasures from Pompeii and Herculaneum.</span></p><h2 class=\"PlaygroundEditorTheme__h2\"><span style=\"white-space: pre-wrap;\">Culinary Experience</span></h2><ul class=\"PlaygroundEditorTheme__ul\"><li value=\"1\" class=\"PlaygroundEditorTheme__listItem\"><span style=\"white-space: pre-wrap;\">Authentic Neapolitan pizza margherita</span></li><li value=\"2\" class=\"PlaygroundEditorTheme__listItem\"><span style=\"white-space: pre-wrap;\">Sfogliatella and babà pastries</span></li><li value=\"3\" class=\"PlaygroundEditorTheme__listItem\"><span style=\"white-space: pre-wrap;\">Seafood fritti and mozzarella di bufala</span></li><li value=\"4\" class=\"PlaygroundEditorTheme__listItem\"><span style=\"white-space: pre-wrap;\">Espresso and limoncello</span></li></ul><h2 class=\"PlaygroundEditorTheme__h2\"><span style=\"white-space: pre-wrap;\">Best Time to Visit Naples</span></h2><p class=\"PlaygroundEditorTheme__paragraph\"><span style=\"white-space: pre-wrap;\">Spring (April–June) and autumn (September–October) for warm weather without extreme heat.</span></p><h2 class=\"PlaygroundEditorTheme__h2\"><span style=\"white-space: pre-wrap;\">Conclusion</span></h2><p class=\"PlaygroundEditorTheme__paragraph\"><span style=\"white-space: pre-wrap;\">Naples is raw, authentic, and unforgettable – a city that embraces you with passion and flavor.</span></p>','{\"badge\":\"Naples\",\"title\":\"Discover Naples\",\"description\":\"\",\"buttonText\":\"Discover\",\"buttonLink\":\"\",\"backgroundColor\":\"#4c1d95\",\"image\":\"https://res.cloudinary.com/dod6izaze/image/upload/v1766224997/pexels-kelly-1179532-12496266_-_Header_Mobile_ohdnj3.avif\"}',0x00,'2025-12-20 09:06:55','2025-12-20 10:03:34'),
('post-nara-001','Nara Travel Guide: Ancient Capital and Sacred Deer','Nara is famous for ancient temples, giant Buddha statues, and friendly deer roaming freely.','https://upload.wikimedia.org/wikipedia/commons/5/5d/Nara_Park_Deer.jpg','https://res.cloudinary.com/dod6izaze/image/upload/v1766220200/images_xjpw4k.jpg','nara-jp',1,'Aug 18, 2025',NULL,'nara-travel-guide','<h1 class=\"PlaygroundEditorTheme__h1\"><span style=\"white-space: pre-wrap;\">Nara – Birthplace of Japanese Civilization</span></h1><p class=\"PlaygroundEditorTheme__paragraph\"><span style=\"white-space: pre-wrap;\">Nara was Japan’s first permanent capital and remains one of its most sacred cities.</span></p><h2 class=\"PlaygroundEditorTheme__h2\"><span style=\"white-space: pre-wrap;\">Must-See Attractions</span></h2><ul class=\"PlaygroundEditorTheme__ul\"><li value=\"1\" class=\"PlaygroundEditorTheme__listItem\"><span style=\"white-space: pre-wrap;\">Todai-ji Temple</span></li><li value=\"2\" class=\"PlaygroundEditorTheme__listItem\"><span style=\"white-space: pre-wrap;\">Nara Park</span></li><li value=\"3\" class=\"PlaygroundEditorTheme__listItem\"><span style=\"white-space: pre-wrap;\">Kasuga Taisha Shrine</span></li></ul><h2 class=\"PlaygroundEditorTheme__h2\"><span style=\"white-space: pre-wrap;\">Conclusion</span></h2><p class=\"PlaygroundEditorTheme__paragraph\"><span style=\"white-space: pre-wrap;\">Nara offers a peaceful journey into Japan’s ancient past.</span></p>','{\"badge\":\"Nara\",\"title\":\"Visit Nara\",\"description\":\"\",\"buttonText\":\"Visit\",\"buttonLink\":\"\",\"backgroundColor\":\"#4c1d95\",\"image\":\"https://res.cloudinary.com/dod6izaze/image/upload/v1766220200/deer_3904413_m_wley4v.jpg\"}',0x00,'2025-12-20 06:17:50','2025-12-20 08:43:44'),
('post-ngorongoro-001','Ngorongoro Crater Travel Guide: World\'s Largest Caldera Safari','Ngorongoro Crater packs dense wildlife in volcanic bowl, including rare black rhinos.','https://www.tanzania-experience.com/wp-content/uploads/2024/12/which-animals-ngo-crater.jpg','https://res.cloudinary.com/dod6izaze/image/upload/v1766224542/lemala-ngorongoro-tented_wgugid.jpg','ngorongoro-tz',1,'Mar 19, 2026',NULL,'ngorongoro-crater-travel-guide','<h1 class=\"PlaygroundEditorTheme__h1\"><span style=\"white-space: pre-wrap;\">Ngorongoro Crater – Natural Wildlife Enclosure</span></h1><p class=\"PlaygroundEditorTheme__paragraph\"><span style=\"white-space: pre-wrap;\">UNESCO site with highest predator density.</span></p><h2 class=\"PlaygroundEditorTheme__h2\"><span style=\"white-space: pre-wrap;\">Why Visit Ngorongoro?</span></h2><ul class=\"PlaygroundEditorTheme__ul\"><li value=\"1\" class=\"PlaygroundEditorTheme__listItem\"><span style=\"white-space: pre-wrap;\">Big Five in one day possible</span></li><li value=\"2\" class=\"PlaygroundEditorTheme__listItem\"><span style=\"white-space: pre-wrap;\">Black rhino stronghold</span></li><li value=\"3\" class=\"PlaygroundEditorTheme__listItem\"><span style=\"white-space: pre-wrap;\">Stunning crater views</span></li><li value=\"4\" class=\"PlaygroundEditorTheme__listItem\"><span style=\"white-space: pre-wrap;\">Maasai coexistence</span></li></ul><h2 class=\"PlaygroundEditorTheme__h2\"><span style=\"white-space: pre-wrap;\">Top Attractions in Ngorongoro</span></h2><h3 class=\"PlaygroundEditorTheme__h3\"><span style=\"white-space: pre-wrap;\">Crater Floor</span></h3><p class=\"PlaygroundEditorTheme__paragraph\"><span style=\"white-space: pre-wrap;\">All-day safari inside caldera.</span></p><h3 class=\"PlaygroundEditorTheme__h3\"><span style=\"white-space: pre-wrap;\">Lake Magadi</span></h3><p class=\"PlaygroundEditorTheme__paragraph\"><span style=\"white-space: pre-wrap;\">Flamingos and hippos.</span></p><h2 class=\"PlaygroundEditorTheme__h2\"><span style=\"white-space: pre-wrap;\">Culinary Experience</span></h2><ul class=\"PlaygroundEditorTheme__ul\"><li value=\"1\" class=\"PlaygroundEditorTheme__listItem\"><span style=\"white-space: pre-wrap;\">Picnic lunches with views</span></li><li value=\"2\" class=\"PlaygroundEditorTheme__listItem\"><span style=\"white-space: pre-wrap;\">Lodge fine dining</span></li></ul><h2 class=\"PlaygroundEditorTheme__h2\"><span style=\"white-space: pre-wrap;\">Best Time to Visit Ngorongoro</span></h2><p class=\"PlaygroundEditorTheme__paragraph\"><span style=\"white-space: pre-wrap;\">Dry season for wildlife concentration.</span></p><h2 class=\"PlaygroundEditorTheme__h2\"><span style=\"white-space: pre-wrap;\">Conclusion</span></h2><p class=\"PlaygroundEditorTheme__paragraph\"><span style=\"white-space: pre-wrap;\">Ngorongoro is compact wildlife wonder.</span></p>','{\"badge\":\"Ngorongoro\",\"title\":\"Explore Ngorongoro\",\"description\":\"\",\"buttonText\":\"Explore\",\"buttonLink\":\"\",\"backgroundColor\":\"#4c1d95\",\"image\":\"https://res.cloudinary.com/dod6izaze/image/upload/v1766224541/IM_TZ_NCAA_Lions-Paw-Camp_Scenery-4-scaled_lnpehr.webp\"}',0x00,'2025-12-20 09:27:29','2025-12-20 09:56:01'),
('post-nice-001','Nice Travel Guide: The Jewel of the French Riviera','Nice is a stunning coastal city on the French Riviera, famous for its beaches, promenades, vibrant markets, and Mediterranean charm.','https://upload.wikimedia.org/wikipedia/commons/8/8a/Nice_Promenade_des_Anglais.jpg','https://res.cloudinary.com/dod6izaze/image/upload/v1766223866/ophorus-167985-nice_large_ucuibx.jpg','nice-fr',1,'Sep 02, 2025',NULL,'nice-travel-guide','<h1 class=\"PlaygroundEditorTheme__h1\"><span style=\"white-space: pre-wrap;\">Nice – The Heart of the French Riviera</span></h1><p class=\"PlaygroundEditorTheme__paragraph\"><span style=\"white-space: pre-wrap;\">Nice is one of the most picturesque cities in the south of France. Located along the sparkling Mediterranean coastline, it is celebrated for its beautiful beaches, promenades, colorful architecture, and mild climate.</span></p><h2 class=\"PlaygroundEditorTheme__h2\"><span style=\"white-space: pre-wrap;\">Why Visit Nice?</span></h2><ul class=\"PlaygroundEditorTheme__ul\"><li value=\"1\" class=\"PlaygroundEditorTheme__listItem\"><span style=\"white-space: pre-wrap;\">Stunning Mediterranean coastline and beaches</span></li><li value=\"2\" class=\"PlaygroundEditorTheme__listItem\"><span style=\"white-space: pre-wrap;\">Charming Old Town with narrow streets and colorful buildings</span></li><li value=\"3\" class=\"PlaygroundEditorTheme__listItem\"><span style=\"white-space: pre-wrap;\">Vibrant art and cultural scene</span></li><li value=\"4\" class=\"PlaygroundEditorTheme__listItem\"><span style=\"white-space: pre-wrap;\">Delicious Provençal cuisine and local markets</span></li></ul><h2 class=\"PlaygroundEditorTheme__h2\"><span style=\"white-space: pre-wrap;\">Top Attractions in Nice</span></h2><h3 class=\"PlaygroundEditorTheme__h3\"><span style=\"white-space: pre-wrap;\">Promenade des Anglais</span></h3><p class=\"PlaygroundEditorTheme__paragraph\"><span style=\"white-space: pre-wrap;\">The famous seaside promenade stretches along the Baie des Anges, perfect for walking, cycling, or enjoying a sunset view over the Mediterranean.</span></p><h3 class=\"PlaygroundEditorTheme__h3\"><span style=\"white-space: pre-wrap;\">Old Town (Vieux Nice)</span></h3><p class=\"PlaygroundEditorTheme__paragraph\"><span style=\"white-space: pre-wrap;\">The Old Town is a maze of narrow streets, filled with charming shops, local eateries, and historic churches like Église Sainte-Réparate.</span></p><h3 class=\"PlaygroundEditorTheme__h3\"><span style=\"white-space: pre-wrap;\">Castle Hill (Colline du Château)</span></h3><p class=\"PlaygroundEditorTheme__paragraph\"><span style=\"white-space: pre-wrap;\">Climb or take the elevator up to Castle Hill for panoramic views of Nice, its harbor, and the surrounding coastline.</span></p><h3 class=\"PlaygroundEditorTheme__h3\"><span style=\"white-space: pre-wrap;\">Marc Chagall National Museum</span></h3><p class=\"PlaygroundEditorTheme__paragraph\"><span style=\"white-space: pre-wrap;\">This museum showcases the works of the famous painter Marc Chagall, including his vibrant stained glass and biblical-inspired paintings.</span></p><h2 class=\"PlaygroundEditorTheme__h2\"><span style=\"white-space: pre-wrap;\">Food &amp; Culinary Experience</span></h2><ul class=\"PlaygroundEditorTheme__ul\"><li value=\"1\" class=\"PlaygroundEditorTheme__listItem\"><span style=\"white-space: pre-wrap;\">Salade Niçoise</span></li><li value=\"2\" class=\"PlaygroundEditorTheme__listItem\"><span style=\"white-space: pre-wrap;\">Socca (chickpea pancake)</span></li><li value=\"3\" class=\"PlaygroundEditorTheme__listItem\"><span style=\"white-space: pre-wrap;\">Seafood at Cours Saleya Market</span></li><li value=\"4\" class=\"PlaygroundEditorTheme__listItem\"><span style=\"white-space: pre-wrap;\">Local rosé wine and pastries</span></li></ul><h2 class=\"PlaygroundEditorTheme__h2\"><span style=\"white-space: pre-wrap;\">Best Time to Visit Nice</span></h2><p class=\"PlaygroundEditorTheme__paragraph\"><span style=\"white-space: pre-wrap;\">The best months are May to September when the weather is warm, perfect for enjoying the beaches and outdoor cafes.</span></p><h2 class=\"PlaygroundEditorTheme__h2\"><span style=\"white-space: pre-wrap;\">Conclusion</span></h2><p class=\"PlaygroundEditorTheme__paragraph\"><span style=\"white-space: pre-wrap;\">Nice offers the perfect blend of sun, sea, culture, and gastronomy. It’s a must-visit destination for travelers exploring the French Riviera.</span></p>','{\"badge\":\"Nice\",\"title\":\"Discover Nice\",\"description\":\"\",\"buttonText\":\"Discover\",\"buttonLink\":\"\",\"backgroundColor\":\"#4c1d95\",\"image\":\"https://res.cloudinary.com/dod6izaze/image/upload/v1766223867/3cb45f6e59190e8213ce0a35394d0e11-nice_yq2d3w.avif\"}',0x00,'2025-12-20 08:58:15','2025-12-20 09:44:46'),
('post-osaka-001','Osaka Travel Guide: Japan’s Kitchen and Fun Capital','Osaka is famous for street food, friendly locals, vibrant nightlife, and historical landmarks.','https://upload.wikimedia.org/wikipedia/commons/3/3e/Osaka_Castle.jpg','https://res.cloudinary.com/dod6izaze/image/upload/v1766220259/caption_uelp9y.jpg','osaka-jp',1,'Aug 17, 2025',NULL,'osaka-travel-guide','<h1 class=\"PlaygroundEditorTheme__h1\"><span style=\"white-space: pre-wrap;\">Osaka – The Fun Side of Japan</span></h1><p class=\"PlaygroundEditorTheme__paragraph\"><span style=\"white-space: pre-wrap;\">Osaka is known for its laid-back atmosphere, incredible food, and energetic entertainment districts.</span></p><h2 class=\"PlaygroundEditorTheme__h2\"><span style=\"white-space: pre-wrap;\">Highlights</span></h2><ul class=\"PlaygroundEditorTheme__ul\"><li value=\"1\" class=\"PlaygroundEditorTheme__listItem\"><span style=\"white-space: pre-wrap;\">Osaka Castle</span></li><li value=\"2\" class=\"PlaygroundEditorTheme__listItem\"><span style=\"white-space: pre-wrap;\">Dotonbori nightlife</span></li><li value=\"3\" class=\"PlaygroundEditorTheme__listItem\"><span style=\"white-space: pre-wrap;\">Takoyaki &amp; okonomiyaki</span></li></ul><h2 class=\"PlaygroundEditorTheme__h2\"><span style=\"white-space: pre-wrap;\">Conclusion</span></h2><p class=\"PlaygroundEditorTheme__paragraph\"><span style=\"white-space: pre-wrap;\">Osaka is a city that eats well, laughs loudly, and welcomes travelers with open arms.</span></p>','{\"badge\":\"Osaka\",\"title\":\"Experience Osaka\",\"description\":\"\",\"buttonText\":\"Experience\",\"buttonLink\":\"\",\"backgroundColor\":\"#4c1d95\",\"image\":\"https://res.cloudinary.com/dod6izaze/image/upload/v1766220259/ve-dep-sam-uat-cho-am-thuc-Osaka-Dotonbori_o3a6ty.jpg\"}',0x00,'2025-12-20 06:17:45','2025-12-20 08:44:46'),
('post-paris-001','Paris Travel Guide: The City of Love and Timeless Beauty','Paris is one of the most romantic cities in the world, famous for its art, fashion, cuisine, and iconic landmarks.','https://upload.wikimedia.org/wikipedia/commons/e/e6/Paris_Night.jpg','https://upload.wikimedia.org/wikipedia/commons/thumb/e/e6/Paris_Night.jpg/640px-Paris_Night.jpg','paris-fr',1,'Sep 01, 2025','12 min read','paris-travel-guide','<h1>Paris – The City of Love</h1>\r\n   <p>Paris, the capital of France, is one of the most visited cities in the world. Known as the City of Love and the City of Light, Paris captivates travelers with its timeless architecture, world-class museums, romantic atmosphere, and exquisite cuisine.</p>\r\n\r\n   <h2>Why Visit Paris?</h2>\r\n   <ul>\r\n     <li>Iconic landmarks recognized worldwide</li>\r\n     <li>Unmatched art, culture, and history</li>\r\n     <li>Fine dining and legendary French cuisine</li>\r\n     <li>Romantic streets, cafés, and river views</li>\r\n   </ul>\r\n\r\n   <h2>Top Attractions in Paris</h2>\r\n\r\n   <h3>Eiffel Tower</h3>\r\n   <p>The Eiffel Tower is the symbol of Paris and France. Visitors can climb or take an elevator to the top for breathtaking views of the city skyline.</p>\r\n\r\n   <h3>Louvre Museum</h3>\r\n   <p>The Louvre is the largest art museum in the world, home to thousands of masterpieces including the Mona Lisa and the Venus de Milo.</p>\r\n\r\n   <h3>Notre-Dame Cathedral</h3>\r\n   <p>This Gothic masterpiece stands on the Île de la Cité and is known for its stunning architecture, stained glass windows, and historical significance.</p>\r\n\r\n   <h3>Champs-Élysées & Arc de Triomphe</h3>\r\n   <p>The Champs-Élysées is one of the most famous avenues in the world, leading to the Arc de Triomphe, which honors those who fought for France.</p>\r\n\r\n   <h2>Parisian Food Experience</h2>\r\n   <ul>\r\n     <li>Croissants and baguettes</li>\r\n     <li>Crêpes and macarons</li>\r\n     <li>French cheese and wine</li>\r\n     <li>Classic dishes like coq au vin and escargots</li>\r\n   </ul>\r\n\r\n   <h2>Best Time to Visit Paris</h2>\r\n   <p>The best time to visit Paris is from April to June and September to October, when the weather is pleasant and tourist crowds are lighter.</p>\r\n\r\n   <h2>Conclusion</h2>\r\n   <p>Paris is a city that never goes out of style. Whether you are visiting for romance, culture, or gastronomy, Paris promises unforgettable memories at every corner.</p>','{\"title\": \"Visit Paris\", \"image\": \"https://upload.wikimedia.org/wikipedia/commons/e/e6/Paris_Night.jpg\", \"link\": \"/travel/paris\"}',0x00,'2025-12-20 08:58:08','2025-12-20 08:58:08'),
('post-pattaya-001','Pattaya Travel Guide: Beaches, Nightlife, and Entertainment','Pattaya is a lively coastal city known for beaches, nightlife, entertainment shows, and nearby islands.','https://upload.wikimedia.org/wikipedia/commons/2/28/Pattaya_Beach.jpg','https://res.cloudinary.com/dod6izaze/image/upload/v1766219581/pattaya-thailand-featured_rdkgsv.webp','pattaya-th',1,'Aug 24, 2025',NULL,'pattaya-travel-guide','<h1 class=\"PlaygroundEditorTheme__h1\"><span style=\"white-space: pre-wrap;\">Pattaya – Thailand’s Entertainment Hub</span></h1><p class=\"PlaygroundEditorTheme__paragraph\"><span style=\"white-space: pre-wrap;\">Pattaya is famous for its vibrant nightlife, beach activities, and family-friendly attractions.</span></p><h2 class=\"PlaygroundEditorTheme__h2\"><span style=\"white-space: pre-wrap;\">Things to Do</span></h2><ul class=\"PlaygroundEditorTheme__ul\"><li value=\"1\" class=\"PlaygroundEditorTheme__listItem\"><span style=\"white-space: pre-wrap;\">Coral Island</span></li><li value=\"2\" class=\"PlaygroundEditorTheme__listItem\"><span style=\"white-space: pre-wrap;\">Walking Street</span></li><li value=\"3\" class=\"PlaygroundEditorTheme__listItem\"><span style=\"white-space: pre-wrap;\">Sanctuary of Truth</span></li></ul><h2 class=\"PlaygroundEditorTheme__h2\"><span style=\"white-space: pre-wrap;\">Conclusion</span></h2><p class=\"PlaygroundEditorTheme__paragraph\"><span style=\"white-space: pre-wrap;\">Pattaya offers a fun-filled getaway for all types of travelers.</span></p>','{\"badge\":\"Pattaya\",\"title\":\"Visit Pattaya\",\"description\":\"\",\"buttonText\":\"Visit\",\"buttonLink\":\"\",\"backgroundColor\":\"#4c1d95\",\"image\":\"https://res.cloudinary.com/dod6izaze/image/upload/v1766219580/du-lich-pattaya-1_ifi2iw.webp\"}',0x00,'2025-12-20 06:34:49','2025-12-20 08:33:27'),
('post-phuket-001','Phuket Travel Guide: Thailand’s Island Paradise','Phuket is Thailand’s largest island, famous for turquoise waters, white-sand beaches, vibrant nightlife, and luxury resorts.','https://upload.wikimedia.org/wikipedia/commons/3/3f/Patong_Beach_Phuket.jpg','https://res.cloudinary.com/dod6izaze/image/upload/v1766219931/p2pfj38lzjf7wsd6gobn_peeghm.jpg','phuket-th',1,'Aug 21, 2025',NULL,'phuket-travel-guide','<h1 class=\"PlaygroundEditorTheme__h1\"><span style=\"white-space: pre-wrap;\">Phuket – Tropical Luxury and Adventure</span></h1><p class=\"PlaygroundEditorTheme__paragraph\"><span style=\"white-space: pre-wrap;\">Phuket is Thailand’s most famous beach destination, offering everything from lively nightlife to peaceful luxury resorts.</span></p><h2 class=\"PlaygroundEditorTheme__h2\"><span style=\"white-space: pre-wrap;\">Must-Visit Places</span></h2><ul class=\"PlaygroundEditorTheme__ul\"><li value=\"1\" class=\"PlaygroundEditorTheme__listItem\"><span style=\"white-space: pre-wrap;\">Patong Beach</span></li><li value=\"2\" class=\"PlaygroundEditorTheme__listItem\"><span style=\"white-space: pre-wrap;\">Phi Phi Islands</span></li><li value=\"3\" class=\"PlaygroundEditorTheme__listItem\"><span style=\"white-space: pre-wrap;\">Big Buddha</span></li><li value=\"4\" class=\"PlaygroundEditorTheme__listItem\"><span style=\"white-space: pre-wrap;\">Old Phuket Town</span></li></ul><h2 class=\"PlaygroundEditorTheme__h2\"><span style=\"white-space: pre-wrap;\">Best Time to Visit</span></h2><p class=\"PlaygroundEditorTheme__paragraph\"><span style=\"white-space: pre-wrap;\">November to April is the best season for sunshine and calm seas.</span></p><h2 class=\"PlaygroundEditorTheme__h2\"><span style=\"white-space: pre-wrap;\">Conclusion</span></h2><p class=\"PlaygroundEditorTheme__paragraph\"><span style=\"white-space: pre-wrap;\">Phuket is perfect for beach lovers, honeymooners, and adventure seekers alike.</span></p>',NULL,0x00,'2025-12-20 06:34:33','2025-12-20 08:39:30'),
('post-rome-001','Rome Travel Guide: The Eternal City of History and Romance','Rome, the Eternal City, blends ancient ruins, Renaissance masterpieces, Baroque fountains, and vibrant street life with unforgettable Italian cuisine.','/uploads/1766225605357-yl6sao8rti.jpg','/uploads/1766225610087-ho65b8tpfgl.jpg','rome-it',1,'Dec 25, 2025',NULL,'rome-travel-guide','<h1 class=\"PlaygroundEditorTheme__h1\"><span style=\"white-space: pre-wrap;\">Rome – The Eternal City of Ancient Wonders and La Dolce Vita</span></h1><p class=\"PlaygroundEditorTheme__paragraph\"><span style=\"white-space: pre-wrap;\">Rome, Italy’s capital, is a living museum with over 2,800 years of history, from ancient Roman ruins to Renaissance art and Baroque architecture.</span></p><h2 class=\"PlaygroundEditorTheme__h2\"><span style=\"white-space: pre-wrap;\">Why Visit Rome?</span></h2><ul class=\"PlaygroundEditorTheme__ul\"><li value=\"1\" class=\"PlaygroundEditorTheme__listItem\"><span style=\"white-space: pre-wrap;\">Iconic ancient sites like the Colosseum and Roman Forum</span></li><li value=\"2\" class=\"PlaygroundEditorTheme__listItem\"><span style=\"white-space: pre-wrap;\">World-class art in the Vatican Museums and Sistine Chapel</span></li><li value=\"3\" class=\"PlaygroundEditorTheme__listItem\"><span style=\"white-space: pre-wrap;\">Romantic piazzas, fountains, and vibrant neighborhoods</span></li><li value=\"4\" class=\"PlaygroundEditorTheme__listItem\"><span style=\"white-space: pre-wrap;\">Delicious Roman cuisine and lively street food scene</span></li></ul><h2 class=\"PlaygroundEditorTheme__h2\"><span style=\"white-space: pre-wrap;\">Top Attractions in Rome</span></h2><h3 class=\"PlaygroundEditorTheme__h3\"><span style=\"white-space: pre-wrap;\">Colosseum and Roman Forum</span></h3><p class=\"PlaygroundEditorTheme__paragraph\"><span style=\"white-space: pre-wrap;\">The iconic amphitheater and ancient political heart of Rome offer a glimpse into imperial grandeur.</span></p><h3 class=\"PlaygroundEditorTheme__h3\"><span style=\"white-space: pre-wrap;\">Vatican City</span></h3><p class=\"PlaygroundEditorTheme__paragraph\"><span style=\"white-space: pre-wrap;\">Home to St. Peter’s Basilica, the Vatican Museums, and Michelangelo’s breathtaking Sistine Chapel ceiling.</span></p><h3 class=\"PlaygroundEditorTheme__h3\"><span style=\"white-space: pre-wrap;\">Pantheon</span></h3><p class=\"PlaygroundEditorTheme__paragraph\"><span style=\"white-space: pre-wrap;\">A remarkably preserved ancient temple with the world’s largest unreinforced concrete dome.</span></p><h3 class=\"PlaygroundEditorTheme__h3\"><span style=\"white-space: pre-wrap;\">Trevi Fountain and Spanish Steps</span></h3><p class=\"PlaygroundEditorTheme__paragraph\"><span style=\"white-space: pre-wrap;\">Baroque masterpieces perfect for tossing a coin or people-watching.</span></p><h3 class=\"PlaygroundEditorTheme__h3\"><span style=\"white-space: pre-wrap;\">Trastevere</span></h3><p class=\"PlaygroundEditorTheme__paragraph\"><span style=\"white-space: pre-wrap;\">A charming neighborhood with narrow cobblestone streets, ivy-clad buildings, and authentic trattorias.</span></p><h2 class=\"PlaygroundEditorTheme__h2\"><span style=\"white-space: pre-wrap;\">Culinary Experience</span></h2><ul class=\"PlaygroundEditorTheme__ul\"><li value=\"1\" class=\"PlaygroundEditorTheme__listItem\"><span style=\"white-space: pre-wrap;\">Carbonara and cacio e pepe – classic Roman pastas</span></li><li value=\"2\" class=\"PlaygroundEditorTheme__listItem\"><span style=\"white-space: pre-wrap;\">Artichokes alla giudia or alla romana</span></li><li value=\"3\" class=\"PlaygroundEditorTheme__listItem\"><span style=\"white-space: pre-wrap;\">Suppli (fried rice balls) and pizza al taglio</span></li><li value=\"4\" class=\"PlaygroundEditorTheme__listItem\"><span style=\"white-space: pre-wrap;\">Gelato from historic spots like Giolitti</span></li></ul><h2 class=\"PlaygroundEditorTheme__h2\"><span style=\"white-space: pre-wrap;\">Best Time to Visit Rome</span></h2><p class=\"PlaygroundEditorTheme__paragraph\"><span style=\"white-space: pre-wrap;\">Spring (April–June) and autumn (September–October) offer pleasant weather and fewer crowds; avoid peak summer heat.</span></p><h2 class=\"PlaygroundEditorTheme__h2\"><span style=\"white-space: pre-wrap;\">Conclusion</span></h2><p class=\"PlaygroundEditorTheme__paragraph\"><span style=\"white-space: pre-wrap;\">Rome captivates with its timeless blend of history, art, and vibrant energy – a city where every corner tells a story.</span></p>','{\"badge\":\"Rome\",\"title\":\"Discover Rome\",\"description\":\"\",\"buttonText\":\"Discover \",\"buttonLink\":\"\",\"backgroundColor\":\"#4c1d95\",\"image\":\"/uploads/1766225605357-yl6sao8rti.jpg\"}',0x00,'2025-12-20 09:06:32','2025-12-20 10:13:54'),
('post-sapa-001','Sapa Travel Guide: Trekking Through Vietnam’s Mountain Paradise','Sapa is a breathtaking mountain town famous for terraced rice fields, ethnic minority cultures, misty landscapes, and unforgettable trekking experiences.','https://upload.wikimedia.org/wikipedia/commons/6/64/Sapa_rice_terraces.jpg','https://res.cloudinary.com/dod6izaze/image/upload/v1766220421/caption_1_jzb4m7.jpg','sapa-vn',1,'Aug 12, 2025',NULL,'sapa-travel-guide','<h1 class=\"PlaygroundEditorTheme__h1\"><span style=\"white-space: pre-wrap;\">Sapa – The Soul of Vietnam’s Northern Highlands</span></h1><p class=\"PlaygroundEditorTheme__paragraph\"><span style=\"white-space: pre-wrap;\">Nestled in the Hoang Lien Son Mountains near the Chinese border, Sapa is one of Vietnam’s most stunning destinations. Its cool climate, misty valleys, and vibrant ethnic cultures make it a paradise for nature lovers and adventure seekers.</span></p><h2 class=\"PlaygroundEditorTheme__h2\"><span style=\"white-space: pre-wrap;\">Why Visit Sapa?</span></h2><p class=\"PlaygroundEditorTheme__paragraph\"><span style=\"white-space: pre-wrap;\">Sapa is renowned for its dramatic mountain scenery and cultural diversity. The region is home to several ethnic minority groups, including the Hmong, Dao, and Tay people.</span></p><ul class=\"PlaygroundEditorTheme__ul\"><li value=\"1\" class=\"PlaygroundEditorTheme__listItem\"><span style=\"white-space: pre-wrap;\">World-famous terraced rice fields</span></li><li value=\"2\" class=\"PlaygroundEditorTheme__listItem\"><span style=\"white-space: pre-wrap;\">Authentic ethnic villages</span></li><li value=\"3\" class=\"PlaygroundEditorTheme__listItem\"><span style=\"white-space: pre-wrap;\">Cool weather year-round</span></li><li value=\"4\" class=\"PlaygroundEditorTheme__listItem\"><span style=\"white-space: pre-wrap;\">Excellent trekking routes</span></li></ul><h2 class=\"PlaygroundEditorTheme__h2\"><span style=\"white-space: pre-wrap;\">Top Attractions in Sapa</span></h2><h3 class=\"PlaygroundEditorTheme__h3\"><span style=\"white-space: pre-wrap;\">1. Rice Terraces of Muong Hoa Valley</span></h3><p class=\"PlaygroundEditorTheme__paragraph\"><span style=\"white-space: pre-wrap;\">The terraced rice fields of Muong Hoa Valley are Sapa’s most iconic sight. Carved into the mountains over generations, they change colors with the seasons and offer spectacular photo opportunities.</span></p><h3 class=\"PlaygroundEditorTheme__h3\"><span style=\"white-space: pre-wrap;\">2. Fansipan Mountain</span></h3><p class=\"PlaygroundEditorTheme__paragraph\"><span style=\"white-space: pre-wrap;\">Known as the “Roof of Indochina,” Fansipan is the highest peak in Southeast Asia. Visitors can reach the summit by cable car or challenging multi-day treks.</span></p><h3 class=\"PlaygroundEditorTheme__h3\"><span style=\"white-space: pre-wrap;\">3. Cat Cat Village</span></h3><p class=\"PlaygroundEditorTheme__paragraph\"><span style=\"white-space: pre-wrap;\">Cat Cat Village provides insight into traditional Hmong culture, with wooden houses, handicrafts, and beautiful waterfalls.</span></p><h3 class=\"PlaygroundEditorTheme__h3\"><span style=\"white-space: pre-wrap;\">4. Sapa Stone Church</span></h3><p class=\"PlaygroundEditorTheme__paragraph\"><span style=\"white-space: pre-wrap;\">Built during the French colonial period, the stone church stands as a historical landmark in the town center.</span></p><h3 class=\"PlaygroundEditorTheme__h3\"><span style=\"white-space: pre-wrap;\">5. Love Waterfall</span></h3><p class=\"PlaygroundEditorTheme__paragraph\"><span style=\"white-space: pre-wrap;\">Surrounded by lush forest, Love Waterfall is one of the most romantic and peaceful natural attractions in the region.</span></p><h2 class=\"PlaygroundEditorTheme__h2\"><span style=\"white-space: pre-wrap;\">Sapa Cuisine</span></h2><ul class=\"PlaygroundEditorTheme__ul\"><li value=\"1\" class=\"PlaygroundEditorTheme__listItem\"><b><strong class=\"PlaygroundEditorTheme__textBold\" style=\"white-space: pre-wrap;\">Grilled meats</strong></b><span style=\"white-space: pre-wrap;\"> – Perfect for cold evenings</span></li><li value=\"2\" class=\"PlaygroundEditorTheme__listItem\"><b><strong class=\"PlaygroundEditorTheme__textBold\" style=\"white-space: pre-wrap;\">Thang Co</strong></b><span style=\"white-space: pre-wrap;\"> – Traditional ethnic stew</span></li><li value=\"3\" class=\"PlaygroundEditorTheme__listItem\"><b><strong class=\"PlaygroundEditorTheme__textBold\" style=\"white-space: pre-wrap;\">Salmon hotpot</strong></b><span style=\"white-space: pre-wrap;\"> – A local specialty</span></li></ul><h2 class=\"PlaygroundEditorTheme__h2\"><span style=\"white-space: pre-wrap;\">Best Time to Visit Sapa</span></h2><p class=\"PlaygroundEditorTheme__paragraph\"><span style=\"white-space: pre-wrap;\">The best times to visit Sapa are </span><b><strong class=\"PlaygroundEditorTheme__textBold\" style=\"white-space: pre-wrap;\">March–May</strong></b><span style=\"white-space: pre-wrap;\"> and </span><b><strong class=\"PlaygroundEditorTheme__textBold\" style=\"white-space: pre-wrap;\">September–November</strong></b><span style=\"white-space: pre-wrap;\">, when the weather is pleasant and rice terraces are at their most beautiful.</span></p><h2 class=\"PlaygroundEditorTheme__h2\"><span style=\"white-space: pre-wrap;\">Conclusion</span></h2><p class=\"PlaygroundEditorTheme__paragraph\"><span style=\"white-space: pre-wrap;\">Sapa is a destination that touches the soul. From misty mountains to warm smiles of local villagers, it offers an unforgettable journey into Vietnam’s natural and cultural heart.</span></p>','{\"badge\":\"Sapa\",\"title\":\"Explore Sapa\",\"description\":\"\",\"buttonText\":\"Explore\",\"buttonLink\":\"\",\"backgroundColor\":\"#4c1d95\",\"image\":\"https://res.cloudinary.com/dod6izaze/image/upload/v1766220422/sapavietnam_mikrtq.jpg\"}',0x00,'2025-12-20 06:14:05','2025-12-20 08:47:24'),
('post-serengeti-001','Serengeti National Park Travel Guide: Endless Plains Wildlife','Serengeti hosts the greatest wildlife spectacle with migration and Big Five year-round.','https://www.andbeyond.com/wp-content/uploads/sites/5/Serengeti-Balloon-Safari-andBeyond-Experience.jpg','https://res.cloudinary.com/dod6izaze/image/upload/v1766224619/bush-walk-serengeti-national-park_iohwtc.jpg','serengeti-tz',1,'Mar 13, 2026',NULL,'serengeti-national-park-travel-guide','<h1 class=\"PlaygroundEditorTheme__h1\"><span style=\"white-space: pre-wrap;\">Serengeti – Tanzania\'s Wildlife Epicenter</span></h1><p class=\"PlaygroundEditorTheme__paragraph\"><span style=\"white-space: pre-wrap;\">\"Endless plains\" living up to name.</span></p><h2 class=\"PlaygroundEditorTheme__h2\"><span style=\"white-space: pre-wrap;\">Why Visit Serengeti?</span></h2><ul class=\"PlaygroundEditorTheme__ul\"><li value=\"1\" class=\"PlaygroundEditorTheme__listItem\"><span style=\"white-space: pre-wrap;\">Great Migration drama</span></li><li value=\"2\" class=\"PlaygroundEditorTheme__listItem\"><span style=\"white-space: pre-wrap;\">High predator density</span></li><li value=\"3\" class=\"PlaygroundEditorTheme__listItem\"><span style=\"white-space: pre-wrap;\">Balloon views at dawn</span></li><li value=\"4\" class=\"PlaygroundEditorTheme__listItem\"><span style=\"white-space: pre-wrap;\">Year-round game viewing</span></li></ul><h2 class=\"PlaygroundEditorTheme__h2\"><span style=\"white-space: pre-wrap;\">Top Attractions in Serengeti</span></h2><h3 class=\"PlaygroundEditorTheme__h3\"><span style=\"white-space: pre-wrap;\">Migration Crossings</span></h3><p class=\"PlaygroundEditorTheme__paragraph\"><span style=\"white-space: pre-wrap;\">Wildebeest and zebra herds.</span></p><h3 class=\"PlaygroundEditorTheme__h3\"><span style=\"white-space: pre-wrap;\">Seronera Valley</span></h3><p class=\"PlaygroundEditorTheme__paragraph\"><span style=\"white-space: pre-wrap;\">Leopards and lions.</span></p><h2 class=\"PlaygroundEditorTheme__h2\"><span style=\"white-space: pre-wrap;\">Culinary Experience</span></h2><ul class=\"PlaygroundEditorTheme__ul\"><li value=\"1\" class=\"PlaygroundEditorTheme__listItem\"><span style=\"white-space: pre-wrap;\">Bush breakfasts</span></li><li value=\"2\" class=\"PlaygroundEditorTheme__listItem\"><span style=\"white-space: pre-wrap;\">Tanzanian ugali and mishkaki</span></li></ul><h2 class=\"PlaygroundEditorTheme__h2\"><span style=\"white-space: pre-wrap;\">Best Time to Visit Serengeti</span></h2><p class=\"PlaygroundEditorTheme__paragraph\"><span style=\"white-space: pre-wrap;\">Follow migration or calving season.</span></p><h2 class=\"PlaygroundEditorTheme__h2\"><span style=\"white-space: pre-wrap;\">Conclusion</span></h2><p class=\"PlaygroundEditorTheme__paragraph\"><span style=\"white-space: pre-wrap;\">Serengeti is ultimate safari dream.</span></p>','{\"badge\":\"Serengeti\",\"title\":\"Explore Serengeti\",\"description\":\"\",\"buttonText\":\"Explore\",\"buttonLink\":\"\",\"backgroundColor\":\"#4c1d95\",\"image\":\"https://res.cloudinary.com/dod6izaze/image/upload/v1766224621/Serengeti-National-Park-Tanzania-Best-Things-to-Do-Top-Picks_njubh2.webp\"}',0x00,'2025-12-20 09:27:21','2025-12-20 09:57:19'),
('post-seville-001','Seville Travel Guide: Andalusia\'s Fiery Heart','Seville enchants with flamenco passion, stunning Moorish architecture, and sunny plazas – the soul of southern Spain.','https://media.istockphoto.com/id/963167340/photo/panorama-of-the-historical-centre-of-seville.jpg?s=612x612&w=is&k=20&c=kUt7z1MZ6C-BTz0htwhpCRRUyrjEOgdTuao-z4cjN_8=','https://media.istockphoto.com/id/963167340/photo/panorama-of-the-historical-centre-of-seville.jpg?s=612x612&w=is&k=20&c=kUt7z1MZ6C-BTz0htwhpCRRUyrjEOgdTuao-z4cjN_8=','seville-es',1,'Feb 02, 2026','11 min read','seville-travel-guide','<h1>Seville – Passionate Andalusian Gem</h1>\r\n  <p>Seville radiates warmth, history, and vibrant energy with its orange trees and flamenco rhythms.</p>\r\n\r\n  <h2>Why Visit Seville?</h2>\r\n  <ul>\r\n    <li>Iconic Moorish and Gothic architecture</li>\r\n    <li>Flamenco shows and lively festivals</li>\r\n    <li>Delicious tapas culture</li>\r\n    <li>Sunny weather almost year-round</li>\r\n  </ul>\r\n\r\n  <h2>Top Attractions in Seville</h2>\r\n\r\n  <h3>Alcázar of Seville</h3>\r\n  <p>Stunning royal palace with intricate tiles and lush gardens.</p>\r\n\r\n  <h3>Seville Cathedral & Giralda</h3>\r\n  <p>Massive Gothic cathedral and climb the former minaret for views.</p>\r\n\r\n  <h3>Plaza de España</h3>\r\n  <p>Magnificent square with colorful tiles and rowing boats.</p>\r\n\r\n  <h3>Barrio Santa Cruz</h3>\r\n  <p>Wander narrow alleys filled with flowers and hidden patios.</p>\r\n\r\n  <h3>Metropol Parasol</h3>\r\n  <p>Modern viewpoint over the city.</p>\r\n\r\n  <h2>Culinary Experience</h2>\r\n  <ul>\r\n    <li>Tapas: jamón ibérico, gazpacho, espinacas con garbanzos</li>\r\n    <li>Fried fish (pescaíto frito)</li>\r\n    <li>Orange wine and sherry</li>\r\n  </ul>\r\n\r\n  <h2>Best Time to Visit Seville</h2>\r\n  <p>Spring for festivals or autumn to avoid summer heat.</p>\r\n\r\n  <h2>Conclusion</h2>\r\n  <p>Seville captures your heart with its passion and beauty – pure Andalusian magic.</p>','{\"title\": \"Explore Seville\", \"image\": \"https://media.istockphoto.com/id/963167340/photo/panorama-of-the-historical-centre-of-seville.jpg?s=612x612&w=is&k=20&c=kUt7z1MZ6C-BTz0htwhpCRRUyrjEOgdTuao-z4cjN_8=\", \"link\": \"/travel/seville\"}',0x00,'2025-12-20 09:10:51','2025-12-20 09:10:51'),
('post-shanghai-001','Shanghai Travel Guide: China’s Modern Metropolis','Shanghai is China’s most cosmopolitan city, known for futuristic skylines, luxury shopping, and colonial heritage.','https://upload.wikimedia.org/wikipedia/commons/7/7d/Shanghai_skyline.jpg','https://upload.wikimedia.org/wikipedia/commons/thumb/7/7d/Shanghai_skyline.jpg/640px-Shanghai_skyline.jpg','shanghai-cn',1,'Aug 26, 2025','10 min read','shanghai-travel-guide','\r\n  <h1>Shanghai – Where China Meets the Future</h1>\r\n\r\n  <p>\r\n    Shanghai is China’s largest city and financial hub,\r\n    famous for its skyline, international culture, and fast-paced lifestyle.\r\n  </p>\r\n\r\n  <h2>Top Attractions</h2>\r\n\r\n  <h3>The Bund</h3>\r\n  <p>\r\n    The Bund showcases colonial-era buildings facing the futuristic skyline of Pudong.\r\n  </p>\r\n\r\n  <h3>Oriental Pearl Tower</h3>\r\n  <p>\r\n    A landmark observation tower offering spectacular city views.\r\n  </p>\r\n\r\n  <h3>Yu Garden</h3>\r\n  <p>\r\n    A peaceful classical Chinese garden in the heart of the city.\r\n  </p>\r\n\r\n  <h2>Conclusion</h2>\r\n  <p>\r\n    Shanghai represents modern China’s ambition, innovation, and global influence.\r\n  </p>\r\n  ','{\"title\": \"Explore Shanghai\", \"image\": \"https://upload.wikimedia.org/wikipedia/commons/7/7d/Shanghai_skyline.jpg\", \"link\": \"/travel/shanghai\"}',0x01,'2025-12-20 06:35:34','2025-12-20 08:16:06'),
('post-shanghai-002','Shanghai Travel Guide: China’s Modern Metropolis','Shanghai is China’s most cosmopolitan city, known for futuristic skylines, luxury shopping, and a blend of Eastern and Western culture.','https://upload.wikimedia.org/wikipedia/commons/7/7d/Shanghai_skyline.jpg','https://res.cloudinary.com/dod6izaze/image/upload/v1766218425/Shanghai_Night-HEADER_MOBILE_fq87gc.webp','shanghai-cn',1,'Aug 26, 2025',NULL,'shanghai-travel-guide-002','<h1 class=\"PlaygroundEditorTheme__h1\"><span style=\"white-space: pre-wrap;\">Shanghai – Where Tradition Meets the Future</span></h1><p class=\"PlaygroundEditorTheme__paragraph\"><span style=\"white-space: pre-wrap;\">Shanghai is the largest city in China and a global financial hub. It represents the modern face of the country, where historic neighborhoods coexist with futuristic skyscrapers.</span></p><h2 class=\"PlaygroundEditorTheme__h2\"><span style=\"white-space: pre-wrap;\">Why Visit Shanghai?</span></h2><ul class=\"PlaygroundEditorTheme__ul\"><li value=\"1\" class=\"PlaygroundEditorTheme__listItem\"><span style=\"white-space: pre-wrap;\">Iconic skyline and modern architecture</span></li><li value=\"2\" class=\"PlaygroundEditorTheme__listItem\"><span style=\"white-space: pre-wrap;\">Colonial heritage and historic districts</span></li><li value=\"3\" class=\"PlaygroundEditorTheme__listItem\"><span style=\"white-space: pre-wrap;\">Luxury shopping and fine dining</span></li><li value=\"4\" class=\"PlaygroundEditorTheme__listItem\"><span style=\"white-space: pre-wrap;\">Vibrant nightlife and river cruises</span></li></ul><h2 class=\"PlaygroundEditorTheme__h2\"><span style=\"white-space: pre-wrap;\">Top Attractions in Shanghai</span></h2><h3 class=\"PlaygroundEditorTheme__h3\"><span style=\"white-space: pre-wrap;\">The Bund</span></h3><p class=\"PlaygroundEditorTheme__paragraph\"><span style=\"white-space: pre-wrap;\">The Bund is Shanghai’s most famous waterfront promenade, featuring colonial-era buildings facing the modern skyline of Pudong.</span></p><h3 class=\"PlaygroundEditorTheme__h3\"><span style=\"white-space: pre-wrap;\">Oriental Pearl Tower</span></h3><p class=\"PlaygroundEditorTheme__paragraph\"><span style=\"white-space: pre-wrap;\">This futuristic observation tower offers panoramic views of the city and the Huangpu River.</span></p><h3 class=\"PlaygroundEditorTheme__h3\"><span style=\"white-space: pre-wrap;\">Yu Garden</span></h3><p class=\"PlaygroundEditorTheme__paragraph\"><span style=\"white-space: pre-wrap;\">Yu Garden is a classical Chinese garden with pavilions, ponds, and rockeries, providing a peaceful escape in the old city.</span></p><h3 class=\"PlaygroundEditorTheme__h3\"><span style=\"white-space: pre-wrap;\">Shanghai Tower</span></h3><p class=\"PlaygroundEditorTheme__paragraph\"><span style=\"white-space: pre-wrap;\">One of the tallest buildings in the world, Shanghai Tower symbolizes the city’s ambition and rapid development.</span></p><h2 class=\"PlaygroundEditorTheme__h2\"><span style=\"white-space: pre-wrap;\">Shanghai Food Experience</span></h2><ul class=\"PlaygroundEditorTheme__ul\"><li value=\"1\" class=\"PlaygroundEditorTheme__listItem\"><span style=\"white-space: pre-wrap;\">Xiaolongbao (soup dumplings)</span></li><li value=\"2\" class=\"PlaygroundEditorTheme__listItem\"><span style=\"white-space: pre-wrap;\">Shengjianbao (pan-fried buns)</span></li><li value=\"3\" class=\"PlaygroundEditorTheme__listItem\"><span style=\"white-space: pre-wrap;\">Street food in Yuyuan Bazaar</span></li></ul><h2 class=\"PlaygroundEditorTheme__h2\"><span style=\"white-space: pre-wrap;\">Best Time to Visit</span></h2><p class=\"PlaygroundEditorTheme__paragraph\"><span style=\"white-space: pre-wrap;\">The best time to visit Shanghai is during spring (March to May) and autumn (September to November), when the weather is mild and comfortable.</span></p><h2 class=\"PlaygroundEditorTheme__h2\"><span style=\"white-space: pre-wrap;\">Conclusion</span></h2><p class=\"PlaygroundEditorTheme__paragraph\"><span style=\"white-space: pre-wrap;\">Shanghai is a city of endless energy and opportunity. From historic streets to soaring skyscrapers, it offers travelers a truly global experience.</span></p>','{\"badge\":\"Shanghai\",\"title\":\"Explore Shanghai\",\"description\":\"\",\"buttonText\":\"Explore\",\"buttonLink\":\"\",\"backgroundColor\":\"#4c1d95\",\"image\":\"https://res.cloudinary.com/dod6izaze/image/upload/v1766218482/Featued-image-Shanghai-city-skyline_onjh4s.jpg\"}',0x00,'2025-12-20 06:39:16','2025-12-20 08:15:00'),
('post-tokyo-001','Tokyo Travel Guide: Tradition Meets the Future','Tokyo is a vibrant metropolis where ancient temples coexist with cutting-edge technology, neon cityscapes, world-class cuisine, and unique pop culture.','https://upload.wikimedia.org/wikipedia/commons/1/1e/Tokyo_Skyline.jpg','https://upload.wikimedia.org/wikipedia/commons/thumb/1/1e/Tokyo_Skyline.jpg/640px-Tokyo_Skyline.jpg','tokyo-jp',1,'Aug 15, 2025','10 min read','tokyo-travel-guide','\r\n  <h1>Tokyo – The Heartbeat of Modern Japan</h1>\r\n\r\n  <p>\r\n    Tokyo is one of the most fascinating cities in the world.\r\n    As Japan’s capital, it perfectly blends centuries-old traditions\r\n    with futuristic innovation, making it a must-visit destination.\r\n  </p>\r\n\r\n  <h2>Why Visit Tokyo?</h2>\r\n  <ul>\r\n    <li>Ancient temples and shrines</li>\r\n    <li>World-leading technology and fashion</li>\r\n    <li>Michelin-starred cuisine and street food</li>\r\n    <li>Unique neighborhoods with distinct personalities</li>\r\n  </ul>\r\n\r\n  <h2>Top Attractions in Tokyo</h2>\r\n\r\n  <h3>Senso-ji Temple (Asakusa)</h3>\r\n  <p>\r\n    Tokyo’s oldest temple, Senso-ji, offers a glimpse into traditional Japan,\r\n    surrounded by historic streets and souvenir shops.\r\n  </p>\r\n\r\n  <h3>Shibuya Crossing</h3>\r\n  <p>\r\n    Known as the busiest pedestrian crossing in the world,\r\n    Shibuya Crossing symbolizes Tokyo’s dynamic urban energy.\r\n  </p>\r\n\r\n  <h3>Tokyo Skytree</h3>\r\n  <p>\r\n    Standing at 634 meters, Tokyo Skytree provides panoramic views\r\n    over the entire city on clear days.\r\n  </p>\r\n\r\n  <h3>Meiji Shrine</h3>\r\n  <p>\r\n    A peaceful forest sanctuary dedicated to Emperor Meiji,\r\n    located right next to the bustling Harajuku district.\r\n  </p>\r\n\r\n  <h2>Tokyo Food Experience</h2>\r\n  <ul>\r\n    <li>Sushi & sashimi</li>\r\n    <li>Ramen and tempura</li>\r\n    <li>Street food in Tsukiji Outer Market</li>\r\n  </ul>\r\n\r\n  <h2>Best Time to Visit</h2>\r\n  <p>\r\n    The best times to visit Tokyo are <strong>March–April</strong> (cherry blossom season)\r\n    and <strong>October–November</strong> (autumn foliage).\r\n  </p>\r\n\r\n  <h2>Conclusion</h2>\r\n  <p>\r\n    Tokyo is a city that never stops surprising.\r\n    Every visit reveals new layers of culture, flavor, and innovation.\r\n  </p>\r\n  ','{\"title\": \"Visit Tokyo\", \"image\": \"https://upload.wikimedia.org/wikipedia/commons/1/1e/Tokyo_Skyline.jpg\", \"link\": \"/travel/tokyo\"}',0x00,'2025-12-20 06:17:35','2025-12-20 06:17:35'),
('post-toronto-001','Toronto Travel Guide: Canada\'s Diverse Metropolis','Toronto thrives with CN Tower views, multicultural neighborhoods, islands, and theater.','https://cdn.britannica.com/35/100235-050-CE3936EE/view-CN-Tower-Toronto-skyline-observation-deck.jpg','https://cdn.britannica.com/35/100235-050-CE3936EE/view-CN-Tower-Toronto-skyline-observation-deck.jpg','toronto-ca',1,'Apr 18, 2026','13 min read','toronto-travel-guide','<h1>Toronto – Multicultural Mosaic</h1>\r\n  <p>Canada\'s largest city with global flavors.</p>\r\n\r\n  <h2>Why Visit Toronto?</h2>\r\n  <ul>\r\n    <li>CN Tower iconic views</li>\r\n    <li>Neighborhoods like Chinatown, Little Italy</li>\r\n    <li>Lake Ontario islands</li>\r\n    <li>Sports and theater scene</li>\r\n  </ul>\r\n\r\n  <h2>Top Attractions in Toronto</h2>\r\n\r\n  <h3>CN Tower</h3>\r\n  <p>Glass floor and EdgeWalk.</p>\r\n\r\n  <h3>Toronto Islands</h3>\r\n  <p>Beaches and bike rentals.</p>\r\n\r\n  <h3>Distillery District</h3>\r\n  <p>Victorian buildings arts.</p>\r\n\r\n  <h2>Culinary Experience</h2>\r\n  <ul>\r\n    <li>Peameal bacon sandwiches</li>\r\n    <li>Global street food</li>\r\n    <li>Poutine variations</li>\r\n  </ul>\r\n\r\n  <h2>Best Time to Visit Toronto</h2>\r\n  <p>Summer festivals.</p>\r\n\r\n  <h2>Conclusion</h2>\r\n  <p>Toronto welcomes everyone.</p>','{\"title\": \"Explore Toronto\", \"image\": \"https://cdn.britannica.com/35/100235-050-CE3936EE/view-CN-Tower-Toronto-skyline-observation-deck.jpg\", \"link\": \"/travel/toronto\"}',0x00,'2025-12-20 09:31:45','2025-12-20 09:31:45'),
('post-tulum-001','Tulum Travel Guide: Mayan Ruins on Caribbean Cliffs','Tulum combines cliff-top Mayan ruins, cenotes, boho-chic vibe, and pristine beaches.','https://www.travelandleisure.com/thmb/7o4ZJ1r1r1r1r1r1r1r1r1r1r1r1=1500x0/filters:no_upscale():max_bytes(150000):strip_icc()/tulum-mexico-TULUMTG0821-9b3b8a1d1b1e4b1e8b1e8b1e8b1e8b1e.jpg','https://res.cloudinary.com/dod6izaze/image/upload/v1766224233/Tulum_2_i36khd.jpg','tulum-mx',1,'May 03, 2026',NULL,'tulum-travel-guide','<h1 class=\"PlaygroundEditorTheme__h1\"><span style=\"white-space: pre-wrap;\">Tulum – Boho Paradise on the Riviera Maya</span></h1><p class=\"PlaygroundEditorTheme__paragraph\"><span style=\"white-space: pre-wrap;\">Ruins, beaches, and wellness in one.</span></p><h2 class=\"PlaygroundEditorTheme__h2\"><span style=\"white-space: pre-wrap;\">Why Visit Tulum?</span></h2><ul class=\"PlaygroundEditorTheme__ul\"><li value=\"1\" class=\"PlaygroundEditorTheme__listItem\"><span style=\"white-space: pre-wrap;\">Unique ruins by the sea</span></li><li value=\"2\" class=\"PlaygroundEditorTheme__listItem\"><span style=\"white-space: pre-wrap;\">Crystal cenotes</span></li><li value=\"3\" class=\"PlaygroundEditorTheme__listItem\"><span style=\"white-space: pre-wrap;\">Eco-chic hotels</span></li><li value=\"4\" class=\"PlaygroundEditorTheme__listItem\"><span style=\"white-space: pre-wrap;\">Yoga and vegan scene</span></li></ul><h2 class=\"PlaygroundEditorTheme__h2\"><span style=\"white-space: pre-wrap;\">Top Attractions in Tulum</span></h2><h3 class=\"PlaygroundEditorTheme__h3\"><span style=\"white-space: pre-wrap;\">Tulum Ruins</span></h3><p class=\"PlaygroundEditorTheme__paragraph\"><span style=\"white-space: pre-wrap;\">Cliff-top Mayan site.</span></p><h3 class=\"PlaygroundEditorTheme__h3\"><span style=\"white-space: pre-wrap;\">Cenotes</span></h3><p class=\"PlaygroundEditorTheme__paragraph\"><span style=\"white-space: pre-wrap;\">Swim in underground rivers.</span></p><h2 class=\"PlaygroundEditorTheme__h2\"><span style=\"white-space: pre-wrap;\">Culinary Experience</span></h2><ul class=\"PlaygroundEditorTheme__ul\"><li value=\"1\" class=\"PlaygroundEditorTheme__listItem\"><span style=\"white-space: pre-wrap;\">Fresh ceviche</span></li><li value=\"2\" class=\"PlaygroundEditorTheme__listItem\"><span style=\"white-space: pre-wrap;\">Tacos and mezcal</span></li></ul><h2 class=\"PlaygroundEditorTheme__h2\"><span style=\"white-space: pre-wrap;\">Best Time to Visit Tulum</span></h2><p class=\"PlaygroundEditorTheme__paragraph\"><span style=\"white-space: pre-wrap;\">Dry season.</span></p><h2 class=\"PlaygroundEditorTheme__h2\"><span style=\"white-space: pre-wrap;\">Conclusion</span></h2><p class=\"PlaygroundEditorTheme__paragraph\"><span style=\"white-space: pre-wrap;\">Tulum is relaxed luxury.</span></p>',NULL,0x00,'2025-12-20 09:33:20','2025-12-20 09:51:27'),
('post-valencia-001','Valencia Travel Guide: Futuristic Meets Mediterranean','Valencia surprises with cutting-edge architecture, paella origins, and beautiful beaches.','https://media.istockphoto.com/id/1682039029/photo/the-city-of-arts-and-sciences-in-valencia-spain.jpg?s=612x612&w=0&k=20&c=nKCCj-d8iDGAn74yJB8ouZVOES9pEPCmWNq_9sM3S-A=','https://media.istockphoto.com/id/1682039029/photo/the-city-of-arts-and-sciences-in-valencia-spain.jpg?s=612x612&w=0&k=20&c=nKCCj-d8iDGAn74yJB8ouZVOES9pEPCmWNq_9sM3S-A=','valencia-es',1,'Feb 05, 2026','10 min read','valencia-travel-guide','<h1>Valencia – Modern Marvel on the Mediterranean</h1>\r\n  <p>Spain\'s third-largest city blends innovation, tradition, and sunny coastal vibes.</p>\r\n\r\n  <h2>Why Visit Valencia?</h2>\r\n  <ul>\r\n    <li>Stunning futuristic architecture</li>\r\n    <li>Birthplace of authentic paella</li>\r\n    <li>Beaches and vibrant festivals</li>\r\n    <li>Walkable city with green spaces</li>\r\n  </ul>\r\n\r\n  <h2>Top Attractions in Valencia</h2>\r\n\r\n  <h3>City of Arts and Sciences</h3>\r\n  <p>Iconic modern complex – visit the Oceanogràfic and Hemisfèric.</p>\r\n\r\n  <h3>Valencia Cathedral</h3>\r\n  <p>Home to the alleged Holy Grail and great tower views.</p>\r\n\r\n  <h3>Central Market</h3>\r\n  <p>Art Nouveau market hall bursting with fresh produce.</p>\r\n\r\n  <h3>Turia Gardens</h3>\r\n  <p>9km green belt perfect for cycling or strolling.</p>\r\n\r\n  <h3>La Malvarrosa Beach</h3>\r\n  <p>Wide sandy beach with promenades.</p>\r\n\r\n  <h2>Culinary Experience</h2>\r\n  <ul>\r\n    <li>Traditional Valencian paella</li>\r\n    <li>Horchata and fartons</li>\r\n    <li>Fresh seafood and oranges</li>\r\n  </ul>\r\n\r\n  <h2>Best Time to Visit Valencia</h2>\r\n  <p>March for Las Fallas or spring/autumn for comfort.</p>\r\n\r\n  <h2>Conclusion</h2>\r\n  <p>Valencia offers the perfect mix of future and tradition.</p>','{\"title\": \"Explore Valencia\", \"image\": \"https://media.istockphoto.com/id/1682039029/photo/the-city-of-arts-and-sciences-in-valencia-spain.jpg?s=612x612&w=0&k=20&c=nKCCj-d8iDGAn74yJB8ouZVOES9pEPCmWNq_9sM3S-A=\", \"link\": \"/travel/valencia\"}',0x00,'2025-12-20 09:10:57','2025-12-20 09:10:57'),
('post-vancouver-001','Vancouver Travel Guide: Coastal City with Mountains','Vancouver blends urban sophistication, Stanley Park, diverse food, and outdoor adventures.','https://c8.alamy.com/comp/B6EY63/the-north-shore-mountains-dominate-the-skyline-of-stanley-park-and-B6EY63.jpg','https://c8.alamy.com/comp/B6EY63/the-north-shore-mountains-dominate-the-skyline-of-stanley-park-and-B6EY63.jpg','vancouver-ca',1,'Apr 12, 2026','12 min read','vancouver-travel-guide','<h1>Vancouver – Pacific Northwest Gem</h1>\r\n  <p>City surrounded by ocean, mountains, and forests.</p>\r\n\r\n  <h2>Why Visit Vancouver?</h2>\r\n  <ul>\r\n    <li>Stanley Park larger than Central Park</li>\r\n    <li>World-class seafood and Asian cuisine</li>\r\n    <li>Easy nature escapes</li>\r\n    <li>Film production hub</li>\r\n  </ul>\r\n\r\n  <h2>Top Attractions in Vancouver</h2>\r\n\r\n  <h3>Stanley Park</h3>\r\n  <p>Bike the seawall.</p>\r\n\r\n  <h3>Granville Island</h3>\r\n  <p>Public market and artisans.</p>\r\n\r\n  <h3>Capilano Bridge</h3>\r\n  <p>Thrilling suspension walk.</p>\r\n\r\n  <h2>Culinary Experience</h2>\r\n  <ul>\r\n    <li>Fresh salmon and sushi</li>\r\n    <li>Craft beer scene</li>\r\n    <li>Food trucks diversity</li>\r\n  </ul>\r\n\r\n  <h2>Best Time to Visit Vancouver</h2>\r\n  <p>Summer for dry weather.</p>\r\n\r\n  <h2>Conclusion</h2>\r\n  <p>Vancouver is livable paradise.</p>','{\"title\": \"Explore Vancouver\", \"image\": \"https://c8.alamy.com/comp/B6EY63/the-north-shore-mountains-dominate-the-skyline-of-stanley-park-and-B6EY63.jpg\", \"link\": \"/travel/vancouver\"}',0x00,'2025-12-20 09:31:36','2025-12-20 09:31:36'),
('post-varadero-001','Varadero Travel Guide: Cuba\'s Best Beach Resort','Varadero boasts 20km of white-sand beaches, all-inclusive resorts, and clear Caribbean waters.','https://www.varaderoguide.net/wp-content/uploads/2023/05/varadero-beach.jpg','https://res.cloudinary.com/dod6izaze/image/upload/v1766223934/Cayo-Blanco-Varadero_qem2dv.jpg','varadero-cu',1,'May 12, 2026',NULL,'varadero-travel-guide','<h1 class=\"PlaygroundEditorTheme__h1\"><span style=\"white-space: pre-wrap;\">Varadero – Cuba\'s Beach Paradise</span></h1><p class=\"PlaygroundEditorTheme__paragraph\"><span style=\"white-space: pre-wrap;\">All-inclusive relaxation on peninsula.</span></p><h2 class=\"PlaygroundEditorTheme__h2\"><span style=\"white-space: pre-wrap;\">Why Visit Varadero?</span></h2><ul class=\"PlaygroundEditorTheme__ul\"><li value=\"1\" class=\"PlaygroundEditorTheme__listItem\"><span style=\"white-space: pre-wrap;\">Endless white sand</span></li><li value=\"2\" class=\"PlaygroundEditorTheme__listItem\"><span style=\"white-space: pre-wrap;\">Water sports</span></li><li value=\"3\" class=\"PlaygroundEditorTheme__listItem\"><span style=\"white-space: pre-wrap;\">Resort entertainment</span></li><li value=\"4\" class=\"PlaygroundEditorTheme__listItem\"><span style=\"white-space: pre-wrap;\">Cuban hospitality</span></li></ul><h2 class=\"PlaygroundEditorTheme__h2\"><span style=\"white-space: pre-wrap;\">Top Attractions in Varadero</span></h2><h3 class=\"PlaygroundEditorTheme__h3\"><span style=\"white-space: pre-wrap;\">Main Beach</span></h3><p class=\"PlaygroundEditorTheme__paragraph\"><span style=\"white-space: pre-wrap;\">Perfect Caribbean stretch.</span></p><h3 class=\"PlaygroundEditorTheme__h3\"><span style=\"white-space: pre-wrap;\">Caves</span></h3><p class=\"PlaygroundEditorTheme__paragraph\"><span style=\"white-space: pre-wrap;\">Swim in cenote-like pools.</span></p><h2 class=\"PlaygroundEditorTheme__h2\"><span style=\"white-space: pre-wrap;\">Culinary Experience</span></h2><ul class=\"PlaygroundEditorTheme__ul\"><li value=\"1\" class=\"PlaygroundEditorTheme__listItem\"><span style=\"white-space: pre-wrap;\">Lobster and rum</span></li><li value=\"2\" class=\"PlaygroundEditorTheme__listItem\"><span style=\"white-space: pre-wrap;\">Buffet variety</span></li></ul><h2 class=\"PlaygroundEditorTheme__h2\"><span style=\"white-space: pre-wrap;\">Best Time to Visit Varadero</span></h2><p class=\"PlaygroundEditorTheme__paragraph\"><span style=\"white-space: pre-wrap;\">Dry season.</span></p><h2 class=\"PlaygroundEditorTheme__h2\"><span style=\"white-space: pre-wrap;\">Conclusion</span></h2><p class=\"PlaygroundEditorTheme__paragraph\"><span style=\"white-space: pre-wrap;\">Varadero is classic beach escape.</span></p>','{\"badge\":\"Varadero\",\"title\":\"Explore Varadero\",\"description\":\"\",\"buttonText\":\"Explore\",\"buttonLink\":\"\",\"backgroundColor\":\"#4c1d95\",\"image\":\"https://res.cloudinary.com/dod6izaze/image/upload/v1766223934/paradisus-varadero-resort_wqqooa.jpg\"}',0x00,'2025-12-20 09:33:51','2025-12-20 09:45:55'),
('post-venice-001','Venice Travel Guide: The Floating City of Canals and Romance','Venice, built on a lagoon with iconic canals, gondolas, and Byzantine architecture, is a unique masterpiece of art and history.','https://upload.wikimedia.org/wikipedia/commons/5/5f/Venice_-_Panoramic_view_from_San_Giorgio_Maggiore.jpg','https://res.cloudinary.com/dod6izaze/image/upload/v1766225213/Venice-2023-Rialto-Bridge-001109-Hybris_azkaxr.jpg','venice-it',1,'Jan 01, 2026',NULL,'venice-travel-guide','<h1 class=\"PlaygroundEditorTheme__h1\"><span style=\"white-space: pre-wrap;\">Venice – The Enchanting City of Canals and Masked Mysteries</span></h1><p class=\"PlaygroundEditorTheme__paragraph\"><span style=\"white-space: pre-wrap;\">Venice, a city on water with no roads, features stunning palazzos, bridges, and a rich history as a maritime powerhouse.</span></p><h2 class=\"PlaygroundEditorTheme__h2\"><span style=\"white-space: pre-wrap;\">Why Visit Venice?</span></h2><ul class=\"PlaygroundEditorTheme__ul\"><li value=\"1\" class=\"PlaygroundEditorTheme__listItem\"><span style=\"white-space: pre-wrap;\">Magical canals and gondola rides</span></li><li value=\"2\" class=\"PlaygroundEditorTheme__listItem\"><span style=\"white-space: pre-wrap;\">Stunning Byzantine and Gothic architecture</span></li><li value=\"3\" class=\"PlaygroundEditorTheme__listItem\"><span style=\"white-space: pre-wrap;\">World-renowned art and glassmaking traditions</span></li><li value=\"4\" class=\"PlaygroundEditorTheme__listItem\"><span style=\"white-space: pre-wrap;\">Unique festivals like Carnevale</span></li></ul><h2 class=\"PlaygroundEditorTheme__h2\"><span style=\"white-space: pre-wrap;\">Top Attractions in Venice</span></h2><h3 class=\"PlaygroundEditorTheme__h3\"><span style=\"white-space: pre-wrap;\">Piazza San Marco and Basilica</span></h3><p class=\"PlaygroundEditorTheme__paragraph\"><span style=\"white-space: pre-wrap;\">The heart of Venice with the ornate Byzantine basilica and its golden mosaics.</span></p><h3 class=\"PlaygroundEditorTheme__h3\"><span style=\"white-space: pre-wrap;\">Doge’s Palace</span></h3><p class=\"PlaygroundEditorTheme__paragraph\"><span style=\"white-space: pre-wrap;\">A Gothic masterpiece showcasing Venetian power and art.</span></p><h3 class=\"PlaygroundEditorTheme__h3\"><span style=\"white-space: pre-wrap;\">Grand Canal</span></h3><p class=\"PlaygroundEditorTheme__paragraph\"><span style=\"white-space: pre-wrap;\">Lined with historic palaces; best explored by vaporetto.</span></p><h3 class=\"PlaygroundEditorTheme__h3\"><span style=\"white-space: pre-wrap;\">Rialto Bridge and Market</span></h3><p class=\"PlaygroundEditorTheme__paragraph\"><span style=\"white-space: pre-wrap;\">Iconic arched bridge and bustling fresh produce market.</span></p><h3 class=\"PlaygroundEditorTheme__h3\"><span style=\"white-space: pre-wrap;\">Islands of Murano and Burano</span></h3><p class=\"PlaygroundEditorTheme__paragraph\"><span style=\"white-space: pre-wrap;\">Famous for glassblowing and colorful lace-making houses.</span></p><h2 class=\"PlaygroundEditorTheme__h2\"><span style=\"white-space: pre-wrap;\">Culinary Experience</span></h2><ul class=\"PlaygroundEditorTheme__ul\"><li value=\"1\" class=\"PlaygroundEditorTheme__listItem\"><span style=\"white-space: pre-wrap;\">Cicchetti – Venetian tapas with prosecco</span></li><li value=\"2\" class=\"PlaygroundEditorTheme__listItem\"><span style=\"white-space: pre-wrap;\">Risotto nero (squid ink risotto)</span></li><li value=\"3\" class=\"PlaygroundEditorTheme__listItem\"><span style=\"white-space: pre-wrap;\">Seafood specialties like sarde in saor</span></li><li value=\"4\" class=\"PlaygroundEditorTheme__listItem\"><span style=\"white-space: pre-wrap;\">Tiramisu and bigoli pasta</span></li></ul><h2 class=\"PlaygroundEditorTheme__h2\"><span style=\"white-space: pre-wrap;\">Best Time to Visit Venice</span></h2><p class=\"PlaygroundEditorTheme__paragraph\"><span style=\"white-space: pre-wrap;\">Spring (April–June) and autumn (September–October) for mild weather; avoid summer crowds and winter floods.</span></p><h2 class=\"PlaygroundEditorTheme__h2\"><span style=\"white-space: pre-wrap;\">Conclusion</span></h2><p class=\"PlaygroundEditorTheme__paragraph\"><span style=\"white-space: pre-wrap;\">Venice is a dreamlike destination where beauty and serenity float on every canal.</span></p>','{\"badge\":\"Venice\",\"title\":\"Discover Venice\",\"description\":\"\",\"buttonText\":\"Discover\",\"buttonLink\":\"\",\"backgroundColor\":\"#4c1d95\",\"image\":\"https://res.cloudinary.com/dod6izaze/image/upload/v1766225211/Venice1_awshc8.jpg\"}',0x00,'2025-12-20 09:06:38','2025-12-20 10:07:12'),
('post-xian-001','Xi’an Travel Guide: Home of the Terracotta Army','Xi’an is one of China’s oldest cities, famous for the Terracotta Warriors and its role as the starting point of the Silk Road.','https://upload.wikimedia.org/wikipedia/commons/3/35/Terracotta_Army_Xian.jpg','https://res.cloudinary.com/dod6izaze/image/upload/v1766218250/829da036-city-35600-17ea25befc5_qqyr6v.jpg','xian-cn',1,'Aug 27, 2025',NULL,'xian-travel-guide','<h1 class=\"PlaygroundEditorTheme__h1\"><span style=\"white-space: pre-wrap;\">Xi’an – Cradle of Chinese Civilization</span></h1><p class=\"PlaygroundEditorTheme__paragraph\"><span style=\"white-space: pre-wrap;\">Xi’an served as the capital for multiple dynasties and played a key role in Chinese history.</span></p><h2 class=\"PlaygroundEditorTheme__h2\"><span style=\"white-space: pre-wrap;\">Terracotta Army</span></h2><p class=\"PlaygroundEditorTheme__paragraph\"><span style=\"white-space: pre-wrap;\">Discovered in 1974, the Terracotta Warriors guard the tomb of Emperor Qin Shi Huang and are one of the world’s greatest archaeological finds.</span></p><h2 class=\"PlaygroundEditorTheme__h2\"><span style=\"white-space: pre-wrap;\">City Wall &amp; Muslim Quarter</span></h2><p class=\"PlaygroundEditorTheme__paragraph\"><span style=\"white-space: pre-wrap;\">Xi’an’s ancient city wall and vibrant Muslim Quarter offer history, culture, and incredible street food.</span></p><h2 class=\"PlaygroundEditorTheme__h2\"><span style=\"white-space: pre-wrap;\">Conclusion</span></h2><p class=\"PlaygroundEditorTheme__paragraph\"><span style=\"white-space: pre-wrap;\">Xi’an is a must-visit destination for history lovers.</span></p>','{\"badge\":\"Xi’an\",\"title\":\"Discover Xi’an\",\"description\":\"\",\"buttonText\":\"Discover\",\"buttonLink\":\"\",\"backgroundColor\":\"#4c1d95\",\"image\":\"https://res.cloudinary.com/dod6izaze/image/upload/v1766218249/photo0jpg_isysgi.jpg\"}',0x00,'2025-12-20 06:36:32','2025-12-20 08:11:15'),
('post-yosemite-001','Yosemite National Park Travel Guide: Granite Wonders and Waterfalls','Yosemite stuns with towering cliffs, giant sequoias, and cascading waterfalls in California\'s Sierra Nevada.','https://www.nps.gov/common/uploads/cropped_image/primary/78716304-EC42-BF9C-50822593E30C0D3A.jpg?width=1600&quality=90&mode=crop','https://www.nps.gov/common/uploads/cropped_image/primary/78716304-EC42-BF9C-50822593E30C0D3A.jpg?width=1600&quality=90&mode=crop','yosemite-us',1,'Mar 28, 2026',NULL,'yosemite-national-park-travel-guide','<h1 class=\"PlaygroundEditorTheme__h1\"><span style=\"white-space: pre-wrap;\">Yosemite – Nature\'s Masterpiece</span></h1><p class=\"PlaygroundEditorTheme__paragraph\"><span style=\"white-space: pre-wrap;\">John Muir\'s beloved valley of granite and water.</span></p><h2 class=\"PlaygroundEditorTheme__h2\"><span style=\"white-space: pre-wrap;\">Why Visit Yosemite?</span></h2><ul class=\"PlaygroundEditorTheme__ul\"><li value=\"1\" class=\"PlaygroundEditorTheme__listItem\"><span style=\"white-space: pre-wrap;\">Dramatic cliffs and domes</span></li><li value=\"2\" class=\"PlaygroundEditorTheme__listItem\"><span style=\"white-space: pre-wrap;\">Powerful waterfalls</span></li><li value=\"3\" class=\"PlaygroundEditorTheme__listItem\"><span style=\"white-space: pre-wrap;\">Ancient giant sequoias</span></li><li value=\"4\" class=\"PlaygroundEditorTheme__listItem\"><span style=\"white-space: pre-wrap;\">Hiking for all levels</span></li></ul><h2 class=\"PlaygroundEditorTheme__h2\"><span style=\"white-space: pre-wrap;\">Top Attractions in Yosemite</span></h2><h3 class=\"PlaygroundEditorTheme__h3\"><span style=\"white-space: pre-wrap;\">Yosemite Valley</span></h3><p class=\"PlaygroundEditorTheme__paragraph\"><span style=\"white-space: pre-wrap;\">Heart of the park with iconic views.</span></p><h3 class=\"PlaygroundEditorTheme__h3\"><span style=\"white-space: pre-wrap;\">Half Dome</span></h3><p class=\"PlaygroundEditorTheme__paragraph\"><span style=\"white-space: pre-wrap;\">Challenging hike or stunning photo subject.</span></p><h3 class=\"PlaygroundEditorTheme__h3\"><span style=\"white-space: pre-wrap;\">Glacier Point</span></h3><p class=\"PlaygroundEditorTheme__paragraph\"><span style=\"white-space: pre-wrap;\">Best overlook of valley.</span></p><h2 class=\"PlaygroundEditorTheme__h2\"><span style=\"white-space: pre-wrap;\">Culinary Experience</span></h2><ul class=\"PlaygroundEditorTheme__ul\"><li value=\"1\" class=\"PlaygroundEditorTheme__listItem\"><span style=\"white-space: pre-wrap;\">Picnic with park views</span></li><li value=\"2\" class=\"PlaygroundEditorTheme__listItem\"><span style=\"white-space: pre-wrap;\">Ahwahnee Dining Room elegance</span></li></ul><h2 class=\"PlaygroundEditorTheme__h2\"><span style=\"white-space: pre-wrap;\">Best Time to Visit Yosemite</span></h2><p class=\"PlaygroundEditorTheme__paragraph\"><span style=\"white-space: pre-wrap;\">Spring for waterfalls or fall for colors.</span></p><h2 class=\"PlaygroundEditorTheme__h2\"><span style=\"white-space: pre-wrap;\">Conclusion</span></h2><p class=\"PlaygroundEditorTheme__paragraph\"><span style=\"white-space: pre-wrap;\">Yosemite restores the soul with grandeur.</span></p>',NULL,0x00,'2025-12-20 09:28:35','2025-12-20 09:52:32'),
('post-zanzibar-001','Zanzibar Travel Guide: Spice Island Beaches and History','Zanzibar enchants with white-sand beaches, Stone Town heritage, and spice farms.','https://media-cdn.tripadvisor.com/media/attractions-splice-spp-674x446/06/71/3a/3c.jpg','https://res.cloudinary.com/dod6izaze/image/upload/v1766224672/welcome-to-zuri_baia8u.jpg','zanzibar-tz',1,'Mar 16, 2026',NULL,'zanzibar-travel-guide','<h1>Zanzibar – Exotic Archipelago Paradise</h1>\r\n  <p>Swahili culture, turquoise waters, spices.</p>\r\n\r\n  <h2>Why Visit Zanzibar?</h2>\r\n  <ul>\r\n    <li>Pristine Indian Ocean beaches</li>\r\n    <li>Stone Town history</li>\r\n    <li>Fresh spices and seafood</li>\r\n    <li>Dhow sunset cruises</li>\r\n  </ul>\r\n\r\n  <h2>Top Attractions in Zanzibar</h2>\r\n\r\n  <h3>Stone Town</h3>\r\n  <p>UNESCO labyrinth of alleys.</p>\r\n\r\n  <h3>Spice Farms</h3>\r\n  <p>Taste cloves, cinnamon, vanilla.</p>\r\n\r\n  <h3>Beaches</h3>\r\n  <p>Nungwi sunsets, Mnemba diving.</p>\r\n\r\n  <h2>Culinary Experience</h2>\r\n  <ul>\r\n    <li>Swahili seafood curry</li>\r\n    <li>Zanzibar pizza street food</li>\r\n    <li>Spice tea</li>\r\n  </ul>\r\n\r\n  <h2>Best Time to Visit Zanzibar</h2>\r\n  <p>Dry seasons for beach perfection.</p>\r\n\r\n  <h2>Conclusion</h2>\r\n  <p>Zanzibar is sensory tropical escape.</p>','{\"badge\":\" Zanzibar\",\"title\":\"Explore Zanzibar\",\"description\":\"\",\"buttonText\":\"Explore\",\"buttonLink\":\"\",\"backgroundColor\":\"#4c1d95\",\"image\":\"https://res.cloudinary.com/dod6izaze/image/upload/v1766224671/577052335_twfn9a.jpg\"}',0x00,'2025-12-20 09:27:25','2025-12-20 09:58:15'),
('post-zurich-001','Zurich Travel Guide: Switzerland\'s Financial and Cultural Hub','Zurich offers a perfect blend of historic old town, stunning lake views, luxury shopping, and vibrant nightlife.','https://discovery.sndimg.com/content/dam/images/discovery/fullset/2021/7/15/GettyImages-1267692130.jpg.rend.hgtvcom.1280.960.suffix/1626724954576.jpeg','https://discovery.sndimg.com/content/dam/images/discovery/fullset/2021/7/15/GettyImages-1267692130.jpg.rend.hgtvcom.1280.960.suffix/1626724954576.jpeg','zurich-ch',1,'Dec 25, 2025','11 min read','zurich-travel-guide','<h1>Zurich – Lakeside Elegance in Switzerland</h1>\r\n  <p>Switzerland\'s largest city combines banking prestige with charming alpine beauty.</p>\r\n\r\n  <h2>Why Visit Zurich?</h2>\r\n  <ul>\r\n    <li>Beautiful Lake Zurich and river swimming</li>\r\n    <li>Luxury shopping and chocolate heaven</li>\r\n    <li>Rich history in the pedestrian old town</li>\r\n    <li>World-class museums and galleries</li>\r\n  </ul>\r\n\r\n  <h2>Top Attractions in Zurich</h2>\r\n\r\n  <h3>Lake Zurich</h3>\r\n  <p>Boat rides, promenades, and summer bathing spots.</p>\r\n\r\n  <h3>Old Town (Altstadt)</h3>\r\n  <p>Cobblestone streets, historic guilds, and churches.</p>\r\n\r\n  <h3>Bahnhofstrasse</h3>\r\n  <p>One of the world\'s most exclusive shopping avenues.</p>\r\n\r\n  <h3>Grossmünster Church</h3>\r\n  <p>Iconic twin towers with city views from the top.</p>\r\n\r\n  <h3>Uetliberg Mountain</h3>\r\n  <p>Short train ride for hiking and panoramic views.</p>\r\n\r\n  <h2>Culinary Experience</h2>\r\n  <ul>\r\n    <li>Swiss chocolate and fondue</li>\r\n    <li>Züri Gschnätzlets (veal in cream sauce)</li>\r\n    <li>Luxemburgerli macarons</li>\r\n    <li>Craft beer and riverside cafes</li>\r\n  </ul>\r\n\r\n  <h2>Best Time to Visit Zurich</h2>\r\n  <p>Summer for lake activities or December for magical Christmas markets.</p>\r\n\r\n  <h2>Conclusion</h2>\r\n  <p>Zurich is sophisticated yet relaxed – the ideal Swiss introduction.</p>','{\"title\": \"Explore Zurich\", \"image\": \"https://discovery.sndimg.com/content/dam/images/discovery/fullset/2021/7/15/GettyImages-1267692130.jpg.rend.hgtvcom.1280.960.suffix/1626724954576.jpeg\", \"link\": \"/travel/zurich\"}',0x00,'2025-12-20 09:13:51','2025-12-20 09:13:51');
/*!40000 ALTER TABLE `posts` ENABLE KEYS */;
UNLOCK TABLES;

--
-- Table structure for table `users`
--

DROP TABLE IF EXISTS `users`;
/*!40101 SET @saved_cs_client     = @@character_set_client */;
/*!40101 SET character_set_client = utf8mb4 */;
CREATE TABLE `users` (
  `id` varchar(50) NOT NULL,
  `name` varchar(100) NOT NULL,
  `email` varchar(255) NOT NULL,
  `role` enum('admin','editor','viewer') NOT NULL DEFAULT 'viewer',
  `status` enum('active','invited','suspended') NOT NULL DEFAULT 'invited',
  `is_deleted` bit(1) NOT NULL DEFAULT b'0',
  `created_at` timestamp NULL DEFAULT current_timestamp(),
  `updated_at` timestamp NULL DEFAULT current_timestamp() ON UPDATE current_timestamp(),
  `password` varchar(255) NOT NULL,
  PRIMARY KEY (`id`),
  UNIQUE KEY `email` (`email`),
  KEY `idx_email` (`email`),
  KEY `idx_role` (`role`),
  KEY `idx_status` (`status`),
  KEY `idx_is_deleted` (`is_deleted`)
) ENGINE=InnoDB DEFAULT CHARSET=utf8mb4 COLLATE=utf8mb4_unicode_ci;
/*!40101 SET character_set_client = @saved_cs_client */;

--
-- Dumping data for table `users`
--

LOCK TABLES `users` WRITE;
/*!40000 ALTER TABLE `users` DISABLE KEYS */;
INSERT INTO `users` VALUES
('admin','Admin User','admin@recap.local','admin','active',0x00,'2025-12-19 22:52:45','2025-12-20 05:17:49','$2b$10$otOdGpyfp/LVRdHk82YAae32tI/0ic7PQcLhkhFLnbLKKLQg1vPQG');
/*!40000 ALTER TABLE `users` ENABLE KEYS */;
UNLOCK TABLES;

--
-- Dumping routines for database 'recap_agency'
--
/*!40103 SET TIME_ZONE=@OLD_TIME_ZONE */;

/*!40101 SET SQL_MODE=@OLD_SQL_MODE */;
/*!40014 SET FOREIGN_KEY_CHECKS=@OLD_FOREIGN_KEY_CHECKS */;
/*!40014 SET UNIQUE_CHECKS=@OLD_UNIQUE_CHECKS */;
/*!40101 SET CHARACTER_SET_CLIENT=@OLD_CHARACTER_SET_CLIENT */;
/*!40101 SET CHARACTER_SET_RESULTS=@OLD_CHARACTER_SET_RESULTS */;
/*!40101 SET COLLATION_CONNECTION=@OLD_COLLATION_CONNECTION */;
/*M!100616 SET NOTE_VERBOSITY=@OLD_NOTE_VERBOSITY */;

-- Dump completed on 2025-12-21 17:40:43
